{
  "config": {
    "games": [
      "Alien-v5",
      "Defender-v5"
    ],
    "steps_per_game": 2000000,
    "num_envs": 32,
    "num_steps": 128,
    "seed": 1,
    "eval_episodes": 20,
    "eval_every_updates": 25,
    "gamma": 0.99,
    "gae_lambda": 0.95,
    "num_minibatches": 4,
    "update_epochs": 4,
    "clip_coef": 0.1,
    "ent_coef": 0.01,
    "vf_coef": 0.5,
    "max_grad_norm": 0.5,
    "lr_shared": 0.00025,
    "lr_scratch": 0.001,
    "out_dir": "castm_runs/oracle/seed1",
    "fire_reset": true
  },
  "random_scores": {
    "Alien-v5": 173.0,
    "Defender-v5": 2927.5
  },
  "best_after_learn": {
    "Alien-v5": 600.0,
    "Defender-v5": 8502.5
  },
  "retention_matrix": [
    {
      "after_game": "Alien-v5",
      "after_index": 0,
      "scores": {
        "Alien-v5": {
          "mean": 564.5,
          "std": 150.3155059814453,
          "n": 20,
          "valid": true,
          "returns": [
            490.0,
            500.0,
            340.0,
            550.0,
            550.0,
            440.0,
            480.0,
            420.0,
            430.0,
            640.0,
            530.0,
            1090.0,
            560.0,
            590.0,
            630.0,
            600.0,
            610.0,
            700.0,
            670.0,
            470.0
          ]
        }
      }
    },
    {
      "after_game": "Defender-v5",
      "after_index": 1,
      "scores": {
        "Alien-v5": {
          "mean": 564.5,
          "std": 150.3155059814453,
          "n": 20,
          "valid": true,
          "returns": [
            490.0,
            500.0,
            340.0,
            550.0,
            550.0,
            440.0,
            480.0,
            420.0,
            430.0,
            640.0,
            530.0,
            1090.0,
            560.0,
            590.0,
            630.0,
            600.0,
            610.0,
            700.0,
            670.0,
            470.0
          ]
        },
        "Defender-v5": {
          "mean": 7090.0,
          "std": 4502.349609375,
          "n": 20,
          "valid": true,
          "returns": [
            2100.0,
            4150.0,
            4300.0,
            5500.0,
            4900.0,
            4550.0,
            5200.0,
            4200.0,
            6750.0,
            5700.0,
            1300.0,
            9900.0,
            2250.0,
            9200.0,
            17250.0,
            12300.0,
            5900.0,
            14100.0,
            5950.0,
            16300.0
          ]
        }
      }
    }
  ],
  "learning_curves": {
    "Alien-v5": [
      {
        "game": "Alien-v5",
        "ctx": 0,
        "update": 1,
        "steps": 4096,
        "eval_mean": 187.0,
        "eval_valid": true,
        "sps": 104.42848864331638,
        "loss": 0.17301538586616516,
        "entropy": 2.889218330383301,
        "approx_kl": 0.001065662014298141
      },
      {
        "game": "Alien-v5",
        "ctx": 0,
        "update": 25,
        "steps": 102400,
        "eval_mean": 284.0,
        "eval_valid": true,
        "sps": 932.6229945861525,
        "loss": 0.17927269637584686,
        "entropy": 2.6847846508026123,
        "approx_kl": 0.0014612625818699598
      },
      {
        "game": "Alien-v5",
        "ctx": 0,
        "update": 50,
        "steps": 204800,
        "eval_mean": 303.0,
        "eval_valid": true,
        "sps": 1132.298201215684,
        "loss": 0.12298709154129028,
        "entropy": 2.330301523208618,
        "approx_kl": 0.0018130840035155416
      },
      {
        "game": "Alien-v5",
        "ctx": 0,
        "update": 75,
        "steps": 307200,
        "eval_mean": 341.5,
        "eval_valid": true,
        "sps": 1222.7982157858305,
        "loss": 0.24817107617855072,
        "entropy": 1.8504825830459595,
        "approx_kl": 0.0016231538029387593
      },
      {
        "game": "Alien-v5",
        "ctx": 0,
        "update": 100,
        "steps": 409600,
        "eval_mean": 388.5,
        "eval_valid": true,
        "sps": 1275.9125063397555,
        "loss": 0.18001170456409454,
        "entropy": 1.7011313438415527,
        "approx_kl": 0.0018678263295441866
      },
      {
        "game": "Alien-v5",
        "ctx": 0,
        "update": 125,
        "steps": 512000,
        "eval_mean": 401.0,
        "eval_valid": true,
        "sps": 1278.1822987200776,
        "loss": 0.2227056622505188,
        "entropy": 1.5176115036010742,
        "approx_kl": 0.0012683132663369179
      },
      {
        "game": "Alien-v5",
        "ctx": 0,
        "update": 150,
        "steps": 614400,
        "eval_mean": 412.0,
        "eval_valid": true,
        "sps": 1280.0609029403176,
        "loss": 0.24729852378368378,
        "entropy": 1.6573727130889893,
        "approx_kl": 0.0018224267987534404
      },
      {
        "game": "Alien-v5",
        "ctx": 0,
        "update": 175,
        "steps": 716800,
        "eval_mean": 448.5,
        "eval_valid": true,
        "sps": 1284.2731634705312,
        "loss": 0.22374673187732697,
        "entropy": 1.5554728507995605,
        "approx_kl": 0.0014186038170009851
      },
      {
        "game": "Alien-v5",
        "ctx": 0,
        "update": 200,
        "steps": 819200,
        "eval_mean": 450.0,
        "eval_valid": true,
        "sps": 1296.6484691008554,
        "loss": 0.24032141268253326,
        "entropy": 1.3308117389678955,
        "approx_kl": 0.0017840859945863485
      },
      {
        "game": "Alien-v5",
        "ctx": 0,
        "update": 225,
        "steps": 921600,
        "eval_mean": 415.0,
        "eval_valid": true,
        "sps": 1309.6087266514066,
        "loss": 0.17998594045639038,
        "entropy": 1.5270061492919922,
        "approx_kl": 0.0015924142207950354
      },
      {
        "game": "Alien-v5",
        "ctx": 0,
        "update": 250,
        "steps": 1024000,
        "eval_mean": 448.5,
        "eval_valid": true,
        "sps": 1323.6455271624689,
        "loss": 0.2409300059080124,
        "entropy": 1.546930193901062,
        "approx_kl": 0.0012187209213152528
      },
      {
        "game": "Alien-v5",
        "ctx": 0,
        "update": 275,
        "steps": 1126400,
        "eval_mean": 499.5,
        "eval_valid": true,
        "sps": 1334.440288649515,
        "loss": 0.20019420981407166,
        "entropy": 1.3976309299468994,
        "approx_kl": 0.0016562421806156635
      },
      {
        "game": "Alien-v5",
        "ctx": 0,
        "update": 300,
        "steps": 1228800,
        "eval_mean": 531.5,
        "eval_valid": true,
        "sps": 1343.8154102514573,
        "loss": 0.21449014544487,
        "entropy": 1.326880931854248,
        "approx_kl": 0.0009193809237331152
      },
      {
        "game": "Alien-v5",
        "ctx": 0,
        "update": 325,
        "steps": 1331200,
        "eval_mean": 540.0,
        "eval_valid": true,
        "sps": 1353.3880207419616,
        "loss": 0.2681088447570801,
        "entropy": 1.485329270362854,
        "approx_kl": 0.0016728925984352827
      },
      {
        "game": "Alien-v5",
        "ctx": 0,
        "update": 350,
        "steps": 1433600,
        "eval_mean": 600.0,
        "eval_valid": true,
        "sps": 1358.0172144636254,
        "loss": 0.33978021144866943,
        "entropy": 1.6857584714889526,
        "approx_kl": 0.0008395944023504853
      },
      {
        "game": "Alien-v5",
        "ctx": 0,
        "update": 375,
        "steps": 1536000,
        "eval_mean": 514.5,
        "eval_valid": true,
        "sps": 1366.5402933780206,
        "loss": 0.31558874249458313,
        "entropy": 1.4394608736038208,
        "approx_kl": 0.00045243214117363095
      },
      {
        "game": "Alien-v5",
        "ctx": 0,
        "update": 400,
        "steps": 1638400,
        "eval_mean": 599.0,
        "eval_valid": true,
        "sps": 1373.105688605972,
        "loss": 0.2731458842754364,