{
  "config": {
    "game": "SpaceInvaders-v5",
    "total_steps": 2000000,
    "num_envs": 32,
    "seed": 1,
    "eval_episodes": 20,
    "fire_reset": true,
    "out_dir": "castm_runs/newset/refs/SpaceInvaders-v5",
    "num_steps": 128,
    "gamma": 0.99,
    "gae_lambda": 0.95,
    "num_minibatches": 4,
    "update_epochs": 4,
    "clip_coef": 0.1,
    "ent_coef": 0.01,
    "vf_coef": 0.5,
    "max_grad_norm": 0.5,
    "lr": 0.00025
  },
  "updates": 488,
  "timesteps": 1998848,
  "learning_curve": [
    {
      "update": 1,
      "timesteps": 4096,
      "sps": 321.76616083197194,
      "episodes": 20,
      "mean_return": 166.75,
      "median_return": 162.5,
      "min_return": 60.0,
      "max_return": 390.0,
      "returns": [
        60.0,
        80.0,
        180.0,
        110.0,
        135.0,
        100.0,
        210.0,
        185.0,
        110.0,
        105.0,
        390.0,
        180.0,
        150.0,
        155.0,
        215.0,
        170.0,
        210.0,
        280.0,
        230.0,
        80.0
      ],
      "loss": 0.03237483650445938,
      "policy_loss": -0.0013264950830489397,
      "value_loss": 0.12520618736743927,
      "entropy": 2.890176296234131,
      "approx_kl": 0.00019185100973118097,
      "clipfrac": 0.0
    },
    {
      "update": 50,
      "timesteps": 204800,
      "sps": 1926.815647272204,
      "episodes": 20,
      "mean_return": 150.25,
      "median_return": 115.0,
      "min_return": 5.0,
      "max_return": 425.0,
      "returns": [
        45.0,
        5.0,
        100.0,
        75.0,
        100.0,
        75.0,
        85.0,
        150.0,
        80.0,
        95.0,
        175.0,
        150.0,
        135.0,
        260.0,
        210.0,
        240.0,
        105.0,
        425.0,
        125.0,
        370.0
      ],
      "loss": 0.018667135387659073,
      "policy_loss": -0.005189375951886177,
      "value_loss": 0.10345260798931122,
      "entropy": 2.7869794368743896,
      "approx_kl": 0.0019816611893475056,
      "clipfrac": 0.12408447265625
    },
    {
      "update": 100,
      "timesteps": 409600,
      "sps": 2072.35770038626,
      "episodes": 20,
      "mean_return": 165.25,
      "median_return": 130.0,
      "min_return": 30.0,
      "max_return": 400.0,
      "returns": [
        30.0,
        105.0,
        30.0,
        110.0,
        120.0,
        125.0,
        105.0,
        180.0,
        180.0,
        125.0,
        245.0,
        255.0,
        400.0,
        180.0,
        220.0,
        345.0,
        110.0,
        65.0,
        135.0,
        240.0
      ],
      "loss": 0.030258268117904663,
      "policy_loss": -0.0030849745962768793,
      "value_loss": 0.11937546730041504,
      "entropy": 2.634449005126953,
      "approx_kl": 0.0011420181253924966,
      "clipfrac": 0.0518798828125
    },
    {
      "update": 150,
      "timesteps": 614400,
      "sps": 2126.682763772604,
      "episodes": 20,
      "mean_return": 267.0,
      "median_return": 212.5,
      "min_return": 100.0,
      "max_return": 495.0,
      "returns": [
        100.0,
        150.0,
        180.0,
        155.0,
        185.0,
        215.0,
        120.0,
        190.0,
        405.0,
        210.0,
        375.0,
        295.0,
        315.0,
        335.0,
        475.0,
        375.0,
        495.0,
        445.0,
        195.0,
        125.0
      ],
      "loss": 0.030537037178874016,
      "policy_loss": -0.0067041413858532906,
      "value_loss": 0.12394526600837708,
      "entropy": 2.473145008087158,
      "approx_kl": 0.0019827960059046745,
      "clipfrac": 0.11627197265625
    },
    {
      "update": 200,
      "timesteps": 819200,
      "sps": 2146.5663563377498,
      "episodes": 20,
      "mean_return": 310.5,
      "median_return": 302.5,
      "min_return": 65.0,
      "max_return": 600.0,
      "returns": [
        150.0,
        210.0,
        225.0,
        270.0,
        220.0,
        505.0,
        275.0,
        290.0,
        370.0,
        375.0,
        315.0,
        425.0,
        240.0,
        335.0,
        455.0,
        320.0,
        380.0,
        185.0,
        600.0,
        65.0
      ],
      "loss": 0.06319678574800491,
      "policy_loss": -0.0028068367391824722,
      "value_loss": 0.17715688049793243,
      "entropy": 2.2574825286865234,
      "approx_kl": 0.002035996410995722,
      "clipfrac": 0.1177978515625
    },
    {
      "update": 250,
      "timesteps": 1024000,
      "sps": 2161.6819940122477,
      "episodes": 20,
      "mean_return": 384.75,
      "median_return": 415.0,
      "min_return": 160.0,
      "max_return": 620.0,
      "returns": [
        210.0,
        195.0,
        175.0,
        235.0,
        295.0,
        295.0,
        620.0,
        360.0,
        505.0,
        405.0,
        455.0,
        540.0,
        570.0,
        615.0,
        515.0,
        455.0,
        230.0,
        435.0,
        160.0,
        425.0
      ],
      "loss": 0.045645155012607574,
      "policy_loss": -0.003500217106193304,
      "value_loss": 0.1396997720003128,
      "entropy": 2.070451259613037,
      "approx_kl": 0.0010114909382537007,
      "clipfrac": 0.04534912109375
    },
    {
      "update": 300,
      "timesteps": 1228800,
      "sps": 2170.6670143738083,
      "episodes": 20,
      "mean_return": 402.75,
      "median_return": 402.5,
      "min_return": 160.0,
      "max_return": 650.0,
      "returns": [
        160.0,
        175.0,
        285.0,
        215.0,
        260.0,
        270.0,
        410.0,
        365.0,
        520.0,
        455.0,
        415.0,
        610.0,
        370.0,
        305.0,
        630.0,
        395.0,
        555.0,
        545.0,
        650.0,
        465.0
      ],
      "loss": 0.05067512392997742,
      "policy_loss": -0.003836013376712799,
      "value_loss": 0.1478707492351532,
      "entropy": 1.9424233436584473,
      "approx_kl": 0.00108122150413692,
      "clipfrac": 0.0501708984375
    },
    {
      "update": 350,
      "timesteps": 1433600,
      "sps": 2177.500030482691,
      "episodes": 20,
      "mean_return": 323.5,
      "median_return": 302.5,
      "min_return": 120.0,
      "max_return": 525.0,
      "returns": [
        120.0,
        180.0,
        220.0,
        290.0,
        215.0,
        240.0,
        205.0,
        315.0,
        355.0,
        365.0,
        250.0,
        365.0,
        505.0,
        390.0,
        465.0,
        495.0,
        525.0,
        500.0,
        255.0,
        215.0
      ],
      "loss": 0.045706722885370255,
      "policy_loss": -0.003221783321350813,
      "value_loss": 0.13907715678215027,
      "entropy": 2.061007499694824,
      "approx_kl": 0.0016174349002540112,
      "clipfrac": 0.076416015625
    },
    {
      "update": 400,
      "timesteps": 1638400,
      "sps": 2204.4033390873074,
      "episodes": 20,
      "mean_return": 413.0,
      "median_return": 380.0,
      "min_return": 210.0,
      "max_return": 800.0,
      "returns": [
        215.0,
        235.0,
        285.0,
        210.0,
        290.0,
        345.0,
        285.0,
        570.0,
        385.0,
        420.0,
        365.0,
        480.0,
        315.0,
        375.0,
        475.0,
        525.0,
        475.0,
        800.0,
        610.0,
        600.0
      ],
      "loss": 0.06536994874477386,
      "policy_loss": -0.0022831042297184467,
      "value_loss": 0.17085404694080353,
      "entropy": 1.7773971557617188,
      "approx_kl": 0.001244368846528232,
      "clipfrac": 0.0328369140625
    },
    {
      "update": 450,
      "timesteps": 1843200,
      "sps": 2196.579964074356,
      "episodes": 20,
      "mean_return": 365.75,
      "median_return": 357.5,
      "min_return": 190.0,
      "max_return": 585.0,