{
  "config": {
    "game": "BeamRider-v5",
    "total_steps": 2000000,
    "num_envs": 32,
    "seed": 1,
    "eval_episodes": 20,
    "fire_reset": true,
    "out_dir": "castm_runs/newset/refs/BeamRider-v5",
    "num_steps": 128,
    "gamma": 0.99,
    "gae_lambda": 0.95,
    "num_minibatches": 4,
    "update_epochs": 4,
    "clip_coef": 0.1,
    "ent_coef": 0.01,
    "vf_coef": 0.5,
    "max_grad_norm": 0.5,
    "lr": 0.00025
  },
  "updates": 488,
  "timesteps": 1998848,
  "learning_curve": [
    {
      "update": 1,
      "timesteps": 4096,
      "sps": 313.502227529296,
      "episodes": 20,
      "mean_return": 433.3999938964844,
      "median_return": 440.0,
      "min_return": 176.0,
      "max_return": 660.0,
      "returns": [
        176.0,
        264.0,
        176.0,
        352.0,
        352.0,
        308.0,
        308.0,
        484.0,
        616.0,
        352.0,
        440.0,
        308.0,
        484.0,
        616.0,
        616.0,
        440.0,
        572.0,
        528.0,
        616.0,
        660.0
      ],
      "loss": -0.022618403658270836,
      "policy_loss": -0.001971916761249304,
      "value_loss": 0.016511226072907448,
      "entropy": 2.8902101516723633,
      "approx_kl": 0.00016883568605408072,
      "clipfrac": 0.00531005859375
    },
    {
      "update": 50,
      "timesteps": 204800,
      "sps": 1784.7438538082986,
      "episodes": 20,
      "mean_return": 437.79998779296875,
      "median_return": 462.0,
      "min_return": 88.0,
      "max_return": 660.0,
      "returns": [
        264.0,
        88.0,
        176.0,
        264.0,
        484.0,
        308.0,
        396.0,
        440.0,
        484.0,
        616.0,
        616.0,
        484.0,
        352.0,
        308.0,
        572.0,
        616.0,
        572.0,
        660.0,
        396.0,
        660.0
      ],
      "loss": -0.01745721884071827,
      "policy_loss": -0.006707222666591406,
      "value_loss": 0.03325694799423218,
      "entropy": 2.737847328186035,
      "approx_kl": 0.00197146600112319,
      "clipfrac": 0.100341796875
    },
    {
      "update": 100,
      "timesteps": 409600,
      "sps": 1915.7452124786046,
      "episodes": 20,
      "mean_return": 619.7999877929688,
      "median_return": 660.0,
      "min_return": 176.0,
      "max_return": 996.0,
      "returns": [
        352.0,
        440.0,
        572.0,
        396.0,
        616.0,
        660.0,
        484.0,
        756.0,
        660.0,
        948.0,
        708.0,
        528.0,
        996.0,
        756.0,
        660.0,
        660.0,
        660.0,
        708.0,
        660.0,
        176.0
      ],
      "loss": -0.016092270612716675,
      "policy_loss": -0.00614891666918993,
      "value_loss": 0.030164441093802452,
      "entropy": 2.5025577545166016,
      "approx_kl": 0.0027674371376633644,
      "clipfrac": 0.15771484375
    },
    {
      "update": 150,
      "timesteps": 614400,
      "sps": 1949.537844899257,
      "episodes": 20,
      "mean_return": 606.0,
      "median_return": 616.0,
      "min_return": 308.0,
      "max_return": 948.0,
      "returns": [
        396.0,
        352.0,
        528.0,
        528.0,
        484.0,
        484.0,
        528.0,
        660.0,
        948.0,
        616.0,
        616.0,
        708.0,
        616.0,
        660.0,
        616.0,
        660.0,
        900.0,
        708.0,
        308.0,
        804.0
      ],
      "loss": -0.017367660999298096,
      "policy_loss": -0.007511537056416273,
      "value_loss": 0.0291113443672657,
      "entropy": 2.4411797523498535,
      "approx_kl": 0.0023731919936835766,
      "clipfrac": 0.12786865234375
    },
    {
      "update": 200,
      "timesteps": 819200,
      "sps": 1974.513100291835,
      "episodes": 20,
      "mean_return": 589.4000244140625,
      "median_return": 616.0,
      "min_return": 264.0,
      "max_return": 1188.0,
      "returns": [
        308.0,
        352.0,
        264.0,
        396.0,
        308.0,
        528.0,
        660.0,
        440.0,
        572.0,
        660.0,
        616.0,
        660.0,
        660.0,
        708.0,
        660.0,
        948.0,
        616.0,
        804.0,
        1188.0,
        440.0
      ],
      "loss": -0.015377967618405819,
      "policy_loss": -0.00856869574636221,
      "value_loss": 0.03267531841993332,
      "entropy": 2.3146934509277344,
      "approx_kl": 0.002046913607046008,
      "clipfrac": 0.110107421875
    },
    {
      "update": 250,
      "timesteps": 1024000,
      "sps": 1989.7224814495028,
      "episodes": 20,
      "mean_return": 588.4000244140625,
      "median_return": 528.0,
      "min_return": 308.0,
      "max_return": 996.0,
      "returns": [
        308.0,
        484.0,
        484.0,
        660.0,
        660.0,
        528.0,
        396.0,
        440.0,
        440.0,
        660.0,
        708.0,
        528.0,
        484.0,
        660.0,
        528.0,
        756.0,
        996.0,
        948.0,
        660.0,
        440.0
      ],
      "loss": -0.013735402375459671,
      "policy_loss": -0.006885225418955088,
      "value_loss": 0.030168402940034866,
      "entropy": 2.1934380531311035,
      "approx_kl": 0.0020239846780896187,
      "clipfrac": 0.1171875
    },
    {
      "update": 300,
      "timesteps": 1228800,
      "sps": 1997.883809624322,
      "episodes": 20,
      "mean_return": 615.4000244140625,
      "median_return": 616.0,
      "min_return": 396.0,
      "max_return": 900.0,
      "returns": [
        484.0,
        396.0,
        572.0,
        484.0,
        616.0,
        708.0,
        660.0,
        528.0,
        528.0,
        660.0,
        572.0,
        616.0,
        616.0,
        660.0,
        660.0,
        616.0,
        756.0,
        660.0,
        900.0,
        616.0
      ],
      "loss": -0.01421458087861538,
      "policy_loss": -0.0063916705548763275,
      "value_loss": 0.02632204443216324,
      "entropy": 2.098393440246582,
      "approx_kl": 0.001689547672867775,
      "clipfrac": 0.085205078125
    },
    {
      "update": 350,
      "timesteps": 1433600,
      "sps": 2004.6003794619867,
      "episodes": 20,
      "mean_return": 674.2000122070312,
      "median_return": 616.0,
      "min_return": 396.0,
      "max_return": 1332.0,
      "returns": [
        396.0,
        528.0,
        572.0,
        572.0,
        528.0,
        440.0,
        616.0,
        528.0,
        572.0,
        660.0,
        616.0,
        616.0,
        660.0,
        756.0,
        852.0,
        1332.0,
        852.0,
        852.0,
        396.0,
        1140.0
      ],
      "loss": -0.006366600748151541,
      "policy_loss": -0.004949607420712709,
      "value_loss": 0.039111554622650146,
      "entropy": 2.0972771644592285,
      "approx_kl": 0.001306614140048623,
      "clipfrac": 0.062255859375
    },
    {
      "update": 400,
      "timesteps": 1638400,
      "sps": 2008.3516172600093,
      "episodes": 20,
      "mean_return": 728.5999755859375,
      "median_return": 660.0,
      "min_return": 308.0,
      "max_return": 1284.0,
      "returns": [
        440.0,
        308.0,
        440.0,
        616.0,
        396.0,
        660.0,
        484.0,
        572.0,
        996.0,
        660.0,
        948.0,
        804.0,
        660.0,
        660.0,
        660.0,
        1044.0,
        900.0,
        1284.0,
        996.0,
        1044.0
      ],
      "loss": -0.009083153679966927,
      "policy_loss": -0.0037331630010157824,
      "value_loss": 0.03130152076482773,
      "entropy": 2.1000752449035645,
      "approx_kl": 0.0008753766887821257,
      "clipfrac": 0.02984619140625
    },
    {
      "update": 450,
      "timesteps": 1843200,
      "sps": 2010.5806197270188,
      "episodes": 20,
      "mean_return": 694.5999755859375,
      "median_return": 708.0,
      "min_return": 220.0,
      "max_return": 996.0,