{
  "config": {
    "game": "Seaquest-v5",
    "total_steps": 500000,
    "num_envs": 32,
    "seed": 1,
    "eval_episodes": 12,
    "fire_reset": true,
    "out_dir": "castm_runs/taskfree/refs/Seaquest-v5",
    "num_steps": 128,
    "gamma": 0.99,
    "gae_lambda": 0.95,
    "num_minibatches": 4,
    "update_epochs": 4,
    "clip_coef": 0.1,
    "ent_coef": 0.01,
    "vf_coef": 0.5,
    "max_grad_norm": 0.5,
    "lr": 0.00025
  },
  "updates": 122,
  "timesteps": 499712,
  "learning_curve": [
    {
      "update": 1,
      "timesteps": 4096,
      "sps": 311.4009208416962,
      "episodes": 12,
      "mean_return": 85.0,
      "median_return": 60.0,
      "min_return": 20.0,
      "max_return": 220.0,
      "returns": [
        40.0,
        60.0,
        20.0,
        60.0,
        40.0,
        20.0,
        80.0,
        120.0,
        120.0,
        220.0,
        200.0,
        40.0
      ],
      "loss": 0.042864203453063965,
      "policy_loss": -0.00017261950415559113,
      "value_loss": 0.14387337863445282,
      "entropy": 2.889986991882324,
      "approx_kl": 0.0003839584533125162,
      "clipfrac": 0.0
    },
    {
      "update": 50,
      "timesteps": 204800,
      "sps": 1938.2348466163141,
      "episodes": 12,
      "mean_return": 498.3333435058594,
      "median_return": 470.0,
      "min_return": 300.0,
      "max_return": 620.0,
      "returns": [
        300.0,
        480.0,
        460.0,
        460.0,
        460.0,
        460.0,
        460.0,
        520.0,
        600.0,
        580.0,
        580.0,
        620.0
      ],
      "loss": -0.010359554551541805,
      "policy_loss": -0.0028462964110076427,
      "value_loss": 0.036847714334726334,
      "entropy": 2.5937113761901855,
      "approx_kl": 0.0019286489114165306,
      "clipfrac": 0.10736083984375
    },
    {
      "update": 100,
      "timesteps": 409600,
      "sps": 2077.396092655467,
      "episodes": 12,
      "mean_return": 595.0,
      "median_return": 580.0,
      "min_return": 480.0,
      "max_return": 740.0,
      "returns": [
        480.0,
        520.0,
        560.0,
        620.0,
        580.0,
        620.0,
        560.0,
        580.0,
        580.0,
        600.0,
        700.0,
        740.0
      ],
      "loss": -0.009986533783376217,
      "policy_loss": -0.002403777092695236,
      "value_loss": 0.03123771771788597,
      "entropy": 2.320161819458008,
      "approx_kl": 0.0012684985995292664,
      "clipfrac": 0.06048583984375
    },
    {
      "update": 122,
      "timesteps": 499712,
      "sps": 1992.201587173926,
      "episodes": 12,
      "mean_return": 591.6666870117188,
      "median_return": 610.0,
      "min_return": 300.0,
      "max_return": 780.0,
      "returns": [
        300.0,
        360.0,
        440.0,
        460.0,
        580.0,
        600.0,
        620.0,
        740.0,
        760.0,
        700.0,
        760.0,
        780.0
      ],
      "loss": -0.008149886503815651,
      "policy_loss": -0.00014191419177222997,
      "value_loss": 0.03241456300020218,
      "entropy": 2.421525239944458,
      "approx_kl": 1.3765227777184919e-05,
      "clipfrac": 0.0
    }
  ],
  "best_eval": {
    "update": 100,
    "timesteps": 409600,
    "sps": 2077.396092655467,
    "episodes": 12,
    "mean_return": 595.0,
    "median_return": 580.0,
    "min_return": 480.0,
    "max_return": 740.0,
    "returns": [
      480.0,
      520.0,
      560.0,
      620.0,
      580.0,
      620.0,
      560.0,
      580.0,
      580.0,
      600.0,
      700.0,
      740.0
    ],
    "loss": -0.009986533783376217,
    "policy_loss": -0.002403777092695236,
    "value_loss": 0.03123771771788597,
    "entropy": 2.320161819458008,
    "approx_kl": 0.0012684985995292664,
    "clipfrac": 0.06048583984375
  },
  "final_eval": {
    "update": 122,
    "timesteps": 499712,
    "sps": 1992.201587173926,
    "episodes": 12,
    "mean_return": 591.6666870117188,
    "median_return": 610.0,
    "min_return": 300.0,
    "max_return": 780.0,
    "returns": [
      300.0,
      360.0,
      440.0,
      460.0,
      580.0,
      600.0,
      620.0,
      740.0,
      760.0,
      700.0,
      760.0,
      780.0
    ],
    "loss": -0.008149886503815651,
    "policy_loss": -0.00014191419177222997,
    "value_loss": 0.03241456300020218,
    "entropy": 2.421525239944458,
    "approx_kl": 1.3765227777184919e-05,
    "clipfrac": 0.0
  }
}
