{
  "config": {
    "game": "SpaceInvaders-v5",
    "total_steps": 500000,
    "num_envs": 32,
    "seed": 1,
    "eval_episodes": 12,
    "fire_reset": true,
    "out_dir": "castm_runs/taskfree/refs/SpaceInvaders-v5",
    "num_steps": 128,
    "gamma": 0.99,
    "gae_lambda": 0.95,
    "num_minibatches": 4,
    "update_epochs": 4,
    "clip_coef": 0.1,
    "ent_coef": 0.01,
    "vf_coef": 0.5,
    "max_grad_norm": 0.5,
    "lr": 0.00025
  },
  "updates": 122,
  "timesteps": 499712,
  "learning_curve": [
    {
      "update": 1,
      "timesteps": 4096,
      "sps": 301.2265028262544,
      "episodes": 12,
      "mean_return": 170.0,
      "median_return": 152.5,
      "min_return": 80.0,
      "max_return": 390.0,
      "returns": [
        80.0,
        180.0,
        110.0,
        135.0,
        100.0,
        185.0,
        105.0,
        390.0,
        150.0,
        155.0,
        170.0,
        280.0
      ],
      "loss": 0.032373711466789246,
      "policy_loss": -0.0013265132438391447,
      "value_loss": 0.1252039670944214,
      "entropy": 2.890176296234131,
      "approx_kl": 0.00019185261044185609,
      "clipfrac": 0.0
    },
    {
      "update": 50,
      "timesteps": 204800,
      "sps": 1845.659917634482,
      "episodes": 12,
      "mean_return": 150.8333282470703,
      "median_return": 122.5,
      "min_return": 90.0,
      "max_return": 295.0,
      "returns": [
        90.0,
        125.0,
        100.0,
        120.0,
        180.0,
        105.0,
        155.0,
        110.0,
        245.0,
        180.0,
        105.0,
        295.0
      ],
      "loss": 0.019414495676755905,
      "policy_loss": -0.0021744314581155777,
      "value_loss": 0.09813490509986877,
      "entropy": 2.7478528022766113,
      "approx_kl": 0.0009892536327242851,
      "clipfrac": 0.05126953125
    },
    {
      "update": 100,
      "timesteps": 409600,
      "sps": 1977.0308943779546,
      "episodes": 12,
      "mean_return": 152.5,
      "median_return": 167.5,
      "min_return": 55.0,
      "max_return": 210.0,
      "returns": [
        55.0,
        180.0,
        180.0,
        120.0,
        180.0,
        210.0,
        110.0,
        185.0,
        135.0,
        125.0,
        195.0,
        155.0
      ],
      "loss": 0.03711192309856415,
      "policy_loss": -0.0019599595107138157,
      "value_loss": 0.129207044839859,
      "entropy": 2.553164005279541,
      "approx_kl": 0.0010701918508857489,
      "clipfrac": 0.044921875
    },
    {
      "update": 122,
      "timesteps": 499712,
      "sps": 1960.3574514124011,
      "episodes": 12,
      "mean_return": 147.9166717529297,
      "median_return": 145.0,
      "min_return": 50.0,
      "max_return": 250.0,
      "returns": [
        80.0,
        90.0,
        150.0,
        50.0,
        160.0,
        140.0,
        165.0,
        135.0,
        250.0,
        230.0,
        230.0,
        95.0
      ],
      "loss": 0.04538002982735634,
      "policy_loss": -0.00018131044635083526,
      "value_loss": 0.13845130801200867,
      "entropy": 2.36643123626709,
      "approx_kl": 6.558471795869991e-06,
      "clipfrac": 0.0
    }
  ],
  "best_eval": {
    "update": 1,
    "timesteps": 4096,
    "sps": 301.2265028262544,
    "episodes": 12,
    "mean_return": 170.0,
    "median_return": 152.5,
    "min_return": 80.0,
    "max_return": 390.0,
    "returns": [
      80.0,
      180.0,
      110.0,
      135.0,
      100.0,
      185.0,
      105.0,
      390.0,
      150.0,
      155.0,
      170.0,
      280.0
    ],
    "loss": 0.032373711466789246,
    "policy_loss": -0.0013265132438391447,
    "value_loss": 0.1252039670944214,
    "entropy": 2.890176296234131,
    "approx_kl": 0.00019185261044185609,
    "clipfrac": 0.0
  },
  "final_eval": {
    "update": 122,
    "timesteps": 499712,
    "sps": 1960.3574514124011,
    "episodes": 12,
    "mean_return": 147.9166717529297,
    "median_return": 145.0,
    "min_return": 50.0,
    "max_return": 250.0,
    "returns": [
      80.0,
      90.0,
      150.0,
      50.0,
      160.0,
      140.0,
      165.0,
      135.0,
      250.0,
      230.0,
      230.0,
      95.0
    ],
    "loss": 0.04538002982735634,
    "policy_loss": -0.00018131044635083526,
    "value_loss": 0.13845130801200867,
    "entropy": 2.36643123626709,
    "approx_kl": 6.558471795869991e-06,
    "clipfrac": 0.0
  }
}
