{
  "game": "Pong-v5",
  "seed": 0,
  "timesteps": 4997120,
  "config": {
    "total_timesteps": 5000000,
    "num_envs": 64,
    "num_steps": 128,
    "update_epochs": 4,
    "num_minibatches": 4,
    "gamma": 0.99,
    "gae_lambda": 0.95,
    "clip_coef": 0.1,
    "ent_coef": 0.01,
    "vf_coef": 0.5,
    "max_grad_norm": 0.5,
    "lr": 0.00025,
    "anneal_lr": true
  },
  "returns_curve": [
    0.0,
    0.0,
    0.0,
    0.0,
    0.0,
    -21.0,
    -20.413793563842773,
    -20.339622497558594,
    -20.327869415283203,
    -20.234375,
    -20.234375,
    -20.234375,
    -20.27941131591797,
    -20.31325340270996,
    -20.25,
    -20.209999084472656,
    -20.149999618530273,
    -20.149999618530273,
    -20.149999618530273,
    -20.15999984741211,
    -20.190000534057617,
    -20.209999084472656,
    -20.200000762939453,
    -20.229999542236328,
    -20.219999313354492,
    -20.219999313354492,
    -20.260000228881836,
    -20.34000015258789,
    -20.479999542236328,
    -20.440000534057617,
    -20.479999542236328,
    -20.450000762939453,
    -20.43000030517578,
    -20.459999084472656,
    -20.440000534057617,
    -20.440000534057617,
    -20.3799991607666,
    -20.34000015258789,
    -20.290000915527344,
    -20.31999969482422,
    -20.309999465942383,
    -20.31999969482422,
    -20.299999237060547,
    -20.309999465942383,
    -20.329999923706055,
    -20.290000915527344,
    -20.239999771118164,
    -20.229999542236328,
    -20.270000457763672,
    -20.270000457763672,
    -20.280000686645508,
    -20.260000228881836,
    -20.239999771118164,
    -20.229999542236328,
    -20.239999771118164,
    -20.260000228881836,
    -20.200000762939453,
    -20.18000030517578,
    -20.190000534057617,
    -20.190000534057617,
    -20.190000534057617,
    -20.170000076293945,
    -20.190000534057617,
    -20.209999084472656,
    -20.190000534057617,
    -20.190000534057617,
    -20.190000534057617,
    -20.209999084472656,
    -20.219999313354492,
    -20.239999771118164,
    -20.219999313354492,
    -20.219999313354492,
    -20.18000030517578,
    -20.200000762939453,
    -20.1299991607666,
    -20.149999618530273,
    -20.15999984741211,
    -20.1299991607666,
    -20.1299991607666,
    -20.1200008392334,
    -20.139999389648438,
    -20.170000076293945,
    -20.200000762939453,
    -20.239999771118164,
    -20.239999771118164,
    -20.25,
    -20.290000915527344,
    -20.270000457763672,
    -20.299999237060547,
    -20.290000915527344,
    -20.34000015258789,
    -20.329999923706055,
    -20.329999923706055,
    -20.34000015258789,
    -20.299999237060547,
    -20.309999465942383,
    -20.229999542236328,
    -20.260000228881836,
    -20.229999542236328,
    -20.209999084472656,
    -20.229999542236328,
    -20.239999771118164,
    -20.270000457763672,
    -20.219999313354492,
    -20.209999084472656,
    -20.149999618530273,
    -20.200000762939453,
    -20.100000381469727,
    -20.049999237060547,
    -20.059999465942383,
    -20.049999237060547,
    -20.010000228881836,
    -20.010000228881836,
    -19.93000030517578,
    -19.920000076293945,
    -19.940000534057617,
    -19.90999984741211,
    -19.889999389648438,
    -19.940000534057617,
    -19.90999984741211,
    -19.920000076293945,
    -19.860000610351562,
    -19.81999969482422,
    -19.799999237060547,
    -19.799999237060547,
    -19.850000381469727,
    -19.780000686645508,
    -19.75,
    -19.780000686645508,
    -19.709999084472656,
    -19.709999084472656,
    -19.639999389648438,
    -19.670000076293945,
    -19.780000686645508,
    -19.780000686645508,
    -19.809999465942383,
    -19.760000228881836,
    -19.709999084472656,
    -19.65999984741211,
    -19.559999465942383,
    -19.6200008392334,
    -19.530000686645508,
    -19.469999313354492,
    -19.459999084472656,
    -19.43000030517578,
    -19.239999771118164,
    -19.229999542236328,
    -19.209999084472656,
    -19.1200008392334,
    -19.15999984741211,
    -19.059999465942383,
    -19.0,
    -18.940000534057617,
    -18.90999984741211,
    -18.850000381469727,
    -18.8700008392334,
    -18.739999771118164,
    -18.6299991607666,
    -18.579999923706055,
    -18.520000457763672,
    -18.540000915527344,
    -18.549999237060547,
    -18.56999969482422,
    -18.6200008392334,
    -18.56999969482422,
    -18.489999771118164,
    -18.489999771118164,
    -18.360000610351562,
    -18.299999237060547,
    -18.209999084472656,
    -18.18000030517578,
    -18.15999984741211,
    -18.15999984741211,
    -18.18000030517578,
    -18.239999771118164,
    -18.260000228881836,
    -18.18000030517578,
    -18.239999771118164,
    -18.260000228881836,
    -18.139999389648438,
    -18.15999984741211,
    -18.079999923706055,
    -17.969999313354492,
    -17.899999618530273,
    -17.649999618530273,
    -17.639999389648438,
    -17.579999923706055,
    -17.530000686645508,
    -17.530000686645508,
    -17.540000915527344,
    -17.469999313354492,
    -17.479999542236328,
    -17.559999465942383,
    -17.459999084472656,
    -17.420000076293945,
    -17.420000076293945,
    -17.25,
    -17.290000915527344,
    -17.270000457763672,
    -17.1200008392334,
    -17.049999237060547,
    -17.040000915527344,
    -16.81999969482422,
    -16.770000457763672,
    -16.68000030517578,
    -16.6200008392334,
    -16.75,
    -16.860000610351562,
    -16.729999542236328,
    -16.75,
    -16.809999465942383,
    -16.75,
    -16.690000534057617,
    -16.68000030517578,
    -16.649999618530273,
    -16.600000381469727,
    -16.420000076293945,
    -16.209999084472656,
    -16.15999984741211,
    -15.970000267028809,
    -16.020000457763672,
    -15.970000267028809,
    -15.899999618530273,
    -15.800000190734863,
    -15.770000457763672,
    -15.720000267028809,
    -15.649999618530273,
    -15.59000015258789,
    -15.479999542236328,
    -15.420000076293945,
    -15.4399995803833,
    -15.34000015258789,
    -15.079999923706055,
    -15.100000381469727,
    -14.680000305175781,
    -14.4399995803833,
    -14.40999984741211,
    -14.329999923706055,
    -14.380000114440918,
    -14.399999618530273,
    -14.399999618530273,
    -14.390000343322754,
    -14.600000381469727,
    -14.680000305175781,
    -14.649999618530273,
    -14.640000343322754,
    -14.600000381469727,
    -14.600000381469727,
    -14.59000015258789,
    -14.550000190734863,
    -14.5600004196167,
    -14.569999694824219,
    -14.5600004196167,
    -14.420000076293945,
    -14.359999656677246,
    -14.25,
    -14.380000114440918,
    -14.5,
    -14.630000114440918,
    -14.630000114440918,
    -14.65999984741211,
    -14.539999961853027,
    -14.460000038146973,
    -14.359999656677246,
    -14.25,
    -14.229999542236328,
    -14.180000305175781,
    -14.170000076293945,
    -14.180000305175781,
    -14.270000457763672,
    -14.279999732971191,
    -14.149999618530273,
    -13.899999618530273,
    -13.819999694824219,
    -13.770000457763672,
    -13.6899995803833,
    -13.59000015258789,
    -13.550000190734863,
    -13.470000267028809,
    -13.369999885559082,
    -13.4399995803833,
    -13.369999885559082,
    -13.289999961853027,
    -13.229999542236328,
    -13.25,
    -13.199999809265137,
    -12.920000076293945,
    -12.989999771118164,
    -12.829999923706055,
    -12.84000015258789,
    -12.699999809265137,
    -12.670000076293945,
    -12.640000343322754,
    -12.5600004196167,
    -12.369999885559082,
    -12.430000305175781,
    -12.319999694824219,
    -12.0600004196167,
    -11.90999984741211,
    -11.539999961853027,
    -11.65999984741211,
    -11.680000305175781,
    -11.5,
    -11.5,
    -11.529999732971191,
    -11.359999656677246,
    -11.229999542236328,
    -11.260000228881836,
    -11.100000381469727,
    -10.989999771118164,
    -11.149999618530273,
    -11.199999809265137,
    -10.9399995803833,
    -11.010000228881836,
    -10.979999542236328,
    -10.989999771118164,
    -10.989999771118164,
    -10.989999771118164,
    -10.869999885559082,
