{
  "config": {
    "game": "Defender-v5",
    "total_steps": 2000000,
    "num_envs": 32,
    "seed": 1,
    "eval_episodes": 20,
    "fire_reset": true,
    "out_dir": "castm_runs/refs/Defender-v5",
    "num_steps": 128,
    "gamma": 0.99,
    "gae_lambda": 0.95,
    "num_minibatches": 4,
    "update_epochs": 4,
    "clip_coef": 0.1,
    "ent_coef": 0.01,
    "vf_coef": 0.5,
    "max_grad_norm": 0.5,
    "lr": 0.00025
  },
  "updates": 488,
  "timesteps": 1998848,
  "learning_curve": [
    {
      "update": 1,
      "timesteps": 4096,
      "sps": 313.9449643451396,
      "episodes": 20,
      "mean_return": 3262.5,
      "median_return": 3475.0,
      "min_return": 1700.0,
      "max_return": 4900.0,
      "returns": [
        1700.0,
        3650.0,
        2200.0,
        2700.0,
        3850.0,
        3850.0,
        2350.0,
        4900.0,
        3350.0,
        3700.0,
        3750.0,
        2850.0,
        2350.0,
        2600.0,
        4050.0,
        3850.0,
        3350.0,
        4750.0,
        1850.0,
        3600.0
      ],
      "loss": 0.003706721356138587,
      "policy_loss": -0.0014532181667163968,
      "value_loss": 0.0681198239326477,
      "entropy": 2.8899972438812256,
      "approx_kl": 0.0003617568872869015,
      "clipfrac": 0.0
    },
    {
      "update": 50,
      "timesteps": 204800,
      "sps": 1812.0478779629057,
      "episodes": 20,
      "mean_return": 2990.0,
      "median_return": 3225.0,
      "min_return": 550.0,
      "max_return": 4200.0,
      "returns": [
        3200.0,
        3250.0,
        3200.0,
        4000.0,
        2000.0,
        3150.0,
        3800.0,
        3600.0,
        3750.0,
        850.0,
        3000.0,
        1850.0,
        3300.0,
        3300.0,
        3150.0,
        550.0,
        3750.0,
        4200.0,
        2300.0,
        3600.0
      ],
      "loss": -0.0030920407734811306,
      "policy_loss": -0.003968328703194857,
      "value_loss": 0.05884722247719765,
      "entropy": 2.8547325134277344,
      "approx_kl": 0.00099224504083395,
      "clipfrac": 0.03253173828125
    },
    {
      "update": 100,
      "timesteps": 409600,
      "sps": 1905.6275750529305,
      "episodes": 20,
      "mean_return": 3497.5,
      "median_return": 3500.0,
      "min_return": 1750.0,
      "max_return": 4900.0,
      "returns": [
        2550.0,
        3050.0,
        2850.0,
        3500.0,
        2850.0,
        4100.0,
        2650.0,
        3300.0,
        4550.0,
        3900.0,
        3450.0,
        3600.0,
        1750.0,
        4100.0,
        3500.0,
        4900.0,
        3600.0,
        3300.0,
        4000.0,
        4450.0
      ],
      "loss": 0.04466107487678528,
      "policy_loss": -0.005154541693627834,
      "value_loss": 0.1493111252784729,
      "entropy": 2.483994483947754,
      "approx_kl": 0.001295916037634015,
      "clipfrac": 0.05975341796875
    },
    {
      "update": 150,
      "timesteps": 614400,
      "sps": 2004.289512803157,
      "episodes": 20,
      "mean_return": 5380.0,
      "median_return": 4900.0,
      "min_return": 3150.0,
      "max_return": 9400.0,
      "returns": [
        3150.0,
        4200.0,
        3650.0,
        3800.0,
        3750.0,
        4400.0,
        9050.0,
        4950.0,
        4350.0,
        5000.0,
        4350.0,
        5750.0,
        4850.0,
        7450.0,
        9400.0,
        5750.0,
        3950.0,
        5800.0,
        7200.0,
        6800.0
      ],
      "loss": 0.06391587853431702,
      "policy_loss": -0.004982330370694399,
      "value_loss": 0.1824864149093628,
      "entropy": 2.2345008850097656,
      "approx_kl": 0.002008729847148061,
      "clipfrac": 0.11712646484375
    },
    {
      "update": 200,
      "timesteps": 819200,
      "sps": 2012.4848573753102,
      "episodes": 20,
      "mean_return": 4460.0,
      "median_return": 4550.0,
      "min_return": 1850.0,
      "max_return": 8800.0,
      "returns": [
        1850.0,
        3900.0,
        3150.0,
        3450.0,
        4100.0,
        4050.0,
        4550.0,
        3000.0,
        3050.0,
        4900.0,
        5500.0,
        5100.0,
        5750.0,
        4700.0,
        4550.0,
        5000.0,
        4600.0,
        3800.0,
        5400.0,
        8800.0
      ],
      "loss": 0.03238110616803169,
      "policy_loss": -0.0033886958844959736,
      "value_loss": 0.1126074343919754,
      "entropy": 2.053391695022583,
      "approx_kl": 0.0015204895753413439,
      "clipfrac": 0.06805419921875
    },
    {
      "update": 250,
      "timesteps": 1024000,
      "sps": 2048.9304535114925,
      "episodes": 20,
      "mean_return": 7855.0,
      "median_return": 7200.0,
      "min_return": 2850.0,
      "max_return": 17050.0,
      "returns": [
        3150.0,
        3650.0,
        5350.0,
        3800.0,
        4450.0,
        7900.0,
        5550.0,
        9800.0,
        11450.0,
        11750.0,
        6500.0,
        8950.0,
        5650.0,
        12800.0,
        11350.0,
        17050.0,
        11400.0,
        4450.0,
        2850.0,
        9250.0
      ],
      "loss": 0.038811665028333664,
      "policy_loss": -0.004442703910171986,
      "value_loss": 0.12416358292102814,
      "entropy": 1.882743000984192,
      "approx_kl": 0.001415406004525721,
      "clipfrac": 0.066162109375
    },
    {
      "update": 300,
      "timesteps": 1228800,
      "sps": 2042.7631531343948,
      "episodes": 20,
      "mean_return": 5747.5,
      "median_return": 4700.0,
      "min_return": 2350.0,
      "max_return": 10650.0,
      "returns": [
        3450.0,
        4200.0,
        3000.0,
        4100.0,
        4400.0,
        2350.0,
        4250.0,
        4400.0,
        5050.0,
        7550.0,
        9300.0,
        3800.0,
        9000.0,
        4100.0,
        5000.0,
        8550.0,
        6350.0,
        10650.0,
        8050.0,
        7400.0
      ],
      "loss": 0.07007990777492523,
      "policy_loss": -0.0028306639287620783,
      "value_loss": 0.18030638992786407,
      "entropy": 1.7242631912231445,
      "approx_kl": 0.0010171879548579454,
      "clipfrac": 0.0501708984375
    },
    {
      "update": 350,
      "timesteps": 1433600,
      "sps": 2056.4091194846833,
      "episodes": 20,
      "mean_return": 7837.5,
      "median_return": 5275.0,
      "min_return": 2600.0,
      "max_return": 16050.0,
      "returns": [
        2600.0,
        3700.0,
        3500.0,
        5150.0,
        4600.0,
        4700.0,
        4550.0,
        5050.0,
        5450.0,
        5800.0,
        5400.0,
        10800.0,
        16050.0,
        9100.0,
        15300.0,
        16050.0,
        4850.0,
        14300.0,
        14850.0,
        4950.0
      ],
      "loss": 0.055493928492069244,
      "policy_loss": -0.0025459667667746544,
      "value_loss": 0.14966529607772827,
      "entropy": 1.6792749166488647,
      "approx_kl": 0.0014029039302840829,
      "clipfrac": 0.0712890625
    },
    {
      "update": 400,
      "timesteps": 1638400,
      "sps": 2056.8799689485104,
      "episodes": 20,
      "mean_return": 7327.5,
      "median_return": 5375.0,
      "min_return": 2750.0,
      "max_return": 16050.0,
      "returns": [
        4400.0,
        5400.0,
        4750.0,
        5150.0,
        5350.0,
        2750.0,
        8750.0,
        5300.0,
        5050.0,
        9250.0,
        5050.0,
        5050.0,
        10000.0,
        11400.0,
        11100.0,
        9050.0,
        11150.0,
        5150.0,
        6400.0,
        16050.0
      ],
      "loss": 0.05710328370332718,
      "policy_loss": -0.0029097385704517365,
      "value_loss": 0.15548530220985413,
      "entropy": 1.7729628086090088,
      "approx_kl": 0.0010949475690722466,
      "clipfrac": 0.04107666015625
    },
    {
      "update": 450,
      "timesteps": 1843200,
      "sps": 2060.3381920927363,
      "episodes": 20,
      "mean_return": 5727.5,
      "median_return": 4950.0,