{
  "config": {
    "game": "Breakout-v5",
    "total_steps": 2000000,
    "num_envs": 32,
    "seed": 1,
    "eval_episodes": 20,
    "fire_reset": true,
    "out_dir": "castm_runs/newset/refs/Breakout-v5",
    "num_steps": 128,
    "gamma": 0.99,
    "gae_lambda": 0.95,
    "num_minibatches": 4,
    "update_epochs": 4,
    "clip_coef": 0.1,
    "ent_coef": 0.01,
    "vf_coef": 0.5,
    "max_grad_norm": 0.5,
    "lr": 0.00025
  },
  "updates": 488,
  "timesteps": 1998848,
  "learning_curve": [
    {
      "update": 1,
      "timesteps": 4096,
      "sps": 256.8849471931951,
      "episodes": 20,
      "mean_return": 1.0,
      "median_return": 1.0,
      "min_return": 0.0,
      "max_return": 4.0,
      "returns": [
        0.0,
        0.0,
        0.0,
        0.0,
        0.0,
        0.0,
        0.0,
        1.0,
        1.0,
        1.0,
        1.0,
        1.0,
        2.0,
        2.0,
        2.0,
        2.0,
        3.0,
        0.0,
        0.0,
        4.0
      ],
      "loss": 0.027299415320158005,
      "policy_loss": -0.0035935433115810156,
      "value_loss": 0.11955180019140244,
      "entropy": 2.8882944583892822,
      "approx_kl": 0.0021173881832510233,
      "clipfrac": 0.08367919921875
    },
    {
      "update": 50,
      "timesteps": 204800,
      "sps": 1740.050521293871,
      "episodes": 20,
      "mean_return": 4.0,
      "median_return": 4.0,
      "min_return": 1.0,
      "max_return": 9.0,
      "returns": [
        1.0,
        2.0,
        2.0,
        2.0,
        3.0,
        3.0,
        3.0,
        4.0,
        4.0,
        4.0,
        4.0,
        4.0,
        4.0,
        4.0,
        5.0,
        6.0,
        5.0,
        5.0,
        6.0,
        9.0
      ],
      "loss": -0.015553171746432781,
      "policy_loss": -0.0042055947706103325,
      "value_loss": 0.028889697045087814,
      "entropy": 2.579242467880249,
      "approx_kl": 0.0018830494955182076,
      "clipfrac": 0.1104736328125
    },
    {
      "update": 100,
      "timesteps": 409600,
      "sps": 1933.9945005478278,
      "episodes": 20,
      "mean_return": 6.349999904632568,
      "median_return": 7.0,
      "min_return": 2.0,
      "max_return": 11.0,
      "returns": [
        2.0,
        3.0,
        3.0,
        3.0,
        4.0,
        4.0,
        6.0,
        7.0,
        7.0,
        7.0,
        8.0,
        6.0,
        8.0,
        7.0,
        8.0,
        8.0,
        5.0,
        10.0,
        10.0,
        11.0
      ],
      "loss": -0.0006716524949297309,
      "policy_loss": -0.003425885923206806,
      "value_loss": 0.046900175511837006,
      "entropy": 2.0695858001708984,
      "approx_kl": 0.001737099257297814,
      "clipfrac": 0.09942626953125
    },
    {
      "update": 150,
      "timesteps": 614400,
      "sps": 2015.5527937646007,
      "episodes": 20,
      "mean_return": 9.100000381469727,
      "median_return": 9.0,
      "min_return": 4.0,
      "max_return": 15.0,
      "returns": [
        4.0,
        5.0,
        6.0,
        7.0,
        7.0,
        8.0,
        8.0,
        8.0,
        9.0,
        8.0,
        9.0,
        10.0,
        11.0,
        13.0,
        13.0,
        10.0,
        9.0,
        12.0,
        10.0,
        15.0
      ],
      "loss": 0.004928768612444401,
      "policy_loss": -0.0037934482097625732,
      "value_loss": 0.049977611750364304,
      "entropy": 1.6266589164733887,
      "approx_kl": 0.0014331275597214699,
      "clipfrac": 0.07891845703125
    },
    {
      "update": 200,
      "timesteps": 819200,
      "sps": 2062.977797225603,
      "episodes": 20,
      "mean_return": 11.300000190734863,
      "median_return": 11.0,
      "min_return": 6.0,
      "max_return": 18.0,
      "returns": [
        6.0,
        8.0,
        12.0,
        11.0,
        8.0,
        10.0,
        17.0,
        9.0,
        9.0,
        11.0,
        10.0,
        18.0,
        12.0,
        10.0,
        15.0,
        11.0,
        13.0,
        12.0,
        18.0,
        6.0
      ],
      "loss": 0.004696196876466274,
      "policy_loss": -0.002565536182373762,
      "value_loss": 0.048044078052043915,
      "entropy": 1.6760307550430298,
      "approx_kl": 0.00243151793256402,
      "clipfrac": 0.12835693359375
    },
    {
      "update": 250,
      "timesteps": 1024000,
      "sps": 2092.016723734991,
      "episodes": 20,
      "mean_return": 10.949999809265137,
      "median_return": 11.0,
      "min_return": 6.0,
      "max_return": 16.0,
      "returns": [
        6.0,
        7.0,
        10.0,
        10.0,
        14.0,
        9.0,
        9.0,
        11.0,
        10.0,
        11.0,
        10.0,
        12.0,
        11.0,
        11.0,
        11.0,
        12.0,
        13.0,
        12.0,
        16.0,
        14.0
      ],
      "loss": 0.013022780418395996,
      "policy_loss": -0.003027129452675581,
      "value_loss": 0.0626922994852066,
      "entropy": 1.5296239852905273,
      "approx_kl": 0.0011313286377117038,
      "clipfrac": 0.05743408203125
    },
    {
      "update": 300,
      "timesteps": 1228800,
      "sps": 2117.3998477315236,
      "episodes": 20,
      "mean_return": 15.100000381469727,
      "median_return": 13.5,
      "min_return": 9.0,
      "max_return": 26.0,
      "returns": [
        9.0,
        10.0,
        9.0,
        10.0,
        11.0,
        11.0,
        12.0,
        19.0,
        12.0,
        14.0,
        13.0,
        13.0,
        14.0,
        19.0,
        19.0,
        21.0,
        20.0,
        16.0,
        26.0,
        24.0
      ],
      "loss": 0.0010199840180575848,
      "policy_loss": -0.003319967770949006,
      "value_loss": 0.04166857898235321,
      "entropy": 1.6494340896606445,
      "approx_kl": 0.0015736381756141782,
      "clipfrac": 0.0821533203125
    },
    {
      "update": 350,
      "timesteps": 1433600,
      "sps": 2133.656684441284,
      "episodes": 20,
      "mean_return": 14.550000190734863,
      "median_return": 13.0,
      "min_return": 9.0,
      "max_return": 21.0,
      "returns": [
        9.0,
        13.0,
        18.0,
        11.0,
        11.0,
        12.0,
        12.0,
        11.0,
        13.0,
        12.0,
        12.0,
        13.0,
        17.0,
        14.0,
        18.0,
        20.0,
        19.0,
        15.0,
        21.0,
        20.0
      ],
      "loss": 0.008591370657086372,
      "policy_loss": -0.0009503537439741194,
      "value_loss": 0.05277526006102562,
      "entropy": 1.6845903396606445,
      "approx_kl": 0.0015782970003783703,
      "clipfrac": 0.08636474609375
    },
    {
      "update": 400,
      "timesteps": 1638400,
      "sps": 2144.9252327706,
      "episodes": 20,
      "mean_return": 15.300000190734863,
      "median_return": 14.5,
      "min_return": 10.0,
      "max_return": 24.0,
      "returns": [
        10.0,
        10.0,
        10.0,
        15.0,
        14.0,
        12.0,
        13.0,
        14.0,
        13.0,
        14.0,
        14.0,
        15.0,
        15.0,
        16.0,
        17.0,
        18.0,
        24.0,
        19.0,
        22.0,
        21.0
      ],
      "loss": 0.005480979103595018,
      "policy_loss": -0.0020956131629645824,
      "value_loss": 0.05145644769072533,
      "entropy": 1.815163254737854,
      "approx_kl": 0.0007467138930223882,
      "clipfrac": 0.0233154296875
    },
    {
      "update": 450,
      "timesteps": 1843200,
      "sps": 2151.3646400353664,
      "episodes": 20,
      "mean_return": 16.5,
      "median_return": 16.0,
      "min_return": 9.0,
      "max_return": 24.0,
      "returns": [
        12.0,
        9.0,
        13.0,
        18.0,
        14.0,
        14.0,
        20.0,
        21.0,
        14.0,
        14.0,
        14.0,
        18.0,
        19.0,
        15.0,
        16.0,
        16.0,
        22.0,
        16.0,
        21.0,
        24.0
      ],
      "loss": 0.002956313081085682,
      "policy_loss": -0.002363690407946706,