{
  "config": {
    "game": "Asterix-v5",
    "total_steps": 2000000,
    "num_envs": 32,
    "seed": 1,
    "eval_episodes": 20,
    "fire_reset": true,
    "out_dir": "castm_runs/refs/Asterix-v5",
    "num_steps": 128,
    "gamma": 0.99,
    "gae_lambda": 0.95,
    "num_minibatches": 4,
    "update_epochs": 4,
    "clip_coef": 0.1,
    "ent_coef": 0.01,
    "vf_coef": 0.5,
    "max_grad_norm": 0.5,
    "lr": 0.00025
  },
  "updates": 488,
  "timesteps": 1998848,
  "learning_curve": [
    {
      "update": 1,
      "timesteps": 4096,
      "sps": 297.8298441607079,
      "episodes": 20,
      "mean_return": 247.5,
      "median_return": 200.0,
      "min_return": 100.0,
      "max_return": 600.0,
      "returns": [
        150.0,
        300.0,
        100.0,
        150.0,
        150.0,
        250.0,
        150.0,
        100.0,
        200.0,
        150.0,
        200.0,
        100.0,
        200.0,
        300.0,
        350.0,
        350.0,
        500.0,
        600.0,
        550.0,
        100.0
      ],
      "loss": 0.06499844789505005,
      "policy_loss": -0.0006704620318487287,
      "value_loss": 0.18914248049259186,
      "entropy": 2.8902320861816406,
      "approx_kl": 0.0001488189009251073,
      "clipfrac": 0.0
    },
    {
      "update": 50,
      "timesteps": 204800,
      "sps": 1890.081687633982,
      "episodes": 20,
      "mean_return": 245.0,
      "median_return": 200.0,
      "min_return": 100.0,
      "max_return": 700.0,
      "returns": [
        150.0,
        100.0,
        100.0,
        200.0,
        100.0,
        200.0,
        150.0,
        100.0,
        150.0,
        200.0,
        250.0,
        300.0,
        350.0,
        200.0,
        250.0,
        350.0,
        350.0,
        250.0,
        450.0,
        700.0
      ],
      "loss": 0.020668337121605873,
      "policy_loss": -0.0035330159589648247,
      "value_loss": 0.09711380302906036,
      "entropy": 2.4355549812316895,
      "approx_kl": 0.0012818488758057356,
      "clipfrac": 0.0570068359375
    },
    {
      "update": 100,
      "timesteps": 409600,
      "sps": 2046.6155932934937,
      "episodes": 20,
      "mean_return": 225.0,
      "median_return": 150.0,
      "min_return": 100.0,
      "max_return": 550.0,
      "returns": [
        150.0,
        100.0,
        150.0,
        150.0,
        150.0,
        100.0,
        150.0,
        100.0,
        150.0,
        150.0,
        100.0,
        350.0,
        200.0,
        200.0,
        300.0,
        450.0,
        400.0,
        400.0,
        550.0,
        200.0
      ],
      "loss": 0.011627682484686375,
      "policy_loss": -0.004067947156727314,
      "value_loss": 0.07268919050693512,
      "entropy": 2.064896583557129,
      "approx_kl": 0.0010186039144173265,
      "clipfrac": 0.0419921875
    },
    {
      "update": 150,
      "timesteps": 614400,
      "sps": 2118.3677388551205,
      "episodes": 20,
      "mean_return": 232.5,
      "median_return": 250.0,
      "min_return": 100.0,
      "max_return": 500.0,
      "returns": [
        100.0,
        250.0,
        100.0,
        200.0,
        250.0,
        150.0,
        250.0,
        150.0,
        150.0,
        100.0,
        200.0,
        300.0,
        150.0,
        250.0,
        250.0,
        250.0,
        450.0,
        350.0,
        500.0,
        250.0
      ],
      "loss": 0.018009290099143982,
      "policy_loss": -0.003323713317513466,
      "value_loss": 0.07925017178058624,
      "entropy": 1.8292083740234375,
      "approx_kl": 0.0023988173343241215,
      "clipfrac": 0.14251708984375
    },
    {
      "update": 200,
      "timesteps": 819200,
      "sps": 2158.0655279920393,
      "episodes": 20,
      "mean_return": 362.5,
      "median_return": 350.0,
      "min_return": 150.0,
      "max_return": 750.0,
      "returns": [
        200.0,
        250.0,
        200.0,
        350.0,
        350.0,
        400.0,
        250.0,
        200.0,
        500.0,
        450.0,
        650.0,
        300.0,
        350.0,
        450.0,
        500.0,
        750.0,
        550.0,
        200.0,
        200.0,
        150.0
      ],
      "loss": 0.04410140961408615,
      "policy_loss": -0.0029990612529218197,
      "value_loss": 0.13010424375534058,
      "entropy": 1.7951655387878418,
      "approx_kl": 0.002442779019474983,
      "clipfrac": 0.1458740234375
    },
    {
      "update": 250,
      "timesteps": 1024000,
      "sps": 2188.0798367843217,
      "episodes": 20,
      "mean_return": 605.0,
      "median_return": 500.0,
      "min_return": 250.0,
      "max_return": 1200.0,
      "returns": [
        300.0,
        250.0,
        350.0,
        400.0,
        300.0,
        350.0,
        600.0,
        650.0,
        700.0,
        300.0,
        900.0,
        550.0,
        1050.0,
        450.0,
        1000.0,
        950.0,
        1200.0,
        1200.0,
        300.0,
        300.0
      ],
      "loss": 0.06708671897649765,
      "policy_loss": -0.005849667824804783,
      "value_loss": 0.18022343516349792,
      "entropy": 1.7175331115722656,
      "approx_kl": 0.0017139024566859007,
      "clipfrac": 0.0997314453125
    },
    {
      "update": 300,
      "timesteps": 1228800,
      "sps": 2205.017476996108,
      "episodes": 20,
      "mean_return": 705.0,
      "median_return": 725.0,
      "min_return": 300.0,
      "max_return": 1100.0,
      "returns": [
        300.0,
        350.0,
        350.0,
        800.0,
        650.0,
        650.0,
        800.0,
        500.0,
        850.0,
        700.0,
        750.0,
        800.0,
        1050.0,
        900.0,
        1000.0,
        1100.0,
        700.0,
        600.0,
        950.0,
        300.0
      ],
      "loss": 0.08101712167263031,
      "policy_loss": -0.0038992618210613728,
      "value_loss": 0.20510432124137878,
      "entropy": 1.763578176498413,
      "approx_kl": 0.0016137589700520039,
      "clipfrac": 0.0836181640625
    },
    {
      "update": 350,
      "timesteps": 1433600,
      "sps": 2220.2440437166406,
      "episodes": 20,
      "mean_return": 865.0,
      "median_return": 825.0,
      "min_return": 300.0,
      "max_return": 1500.0,
      "returns": [
        350.0,
        300.0,
        500.0,
        500.0,
        800.0,
        800.0,
        800.0,
        950.0,
        1050.0,
        800.0,
        900.0,
        1200.0,
        750.0,
        950.0,
        1100.0,
        1200.0,
        1350.0,
        1500.0,
        650.0,
        850.0
      ],
      "loss": 0.08781197667121887,
      "policy_loss": -0.003086513839662075,
      "value_loss": 0.21573126316070557,
      "entropy": 1.6967146396636963,
      "approx_kl": 0.0015178374014794827,
      "clipfrac": 0.08282470703125
    },
    {
      "update": 400,
      "timesteps": 1638400,
      "sps": 2233.152296052536,
      "episodes": 20,
      "mean_return": 937.5,
      "median_return": 1025.0,
      "min_return": 350.0,
      "max_return": 1550.0,
      "returns": [
        350.0,
        400.0,
        350.0,
        400.0,
        650.0,
        850.0,
        750.0,
        850.0,
        1100.0,
        1050.0,
        1000.0,
        1050.0,
        1050.0,
        950.0,
        1150.0,
        1250.0,
        1200.0,
        1500.0,
        1550.0,
        1300.0
      ],
      "loss": 0.09532110393047333,
      "policy_loss": -0.002569908043369651,
      "value_loss": 0.22915834188461304,
      "entropy": 1.668816328048706,
      "approx_kl": 0.0014906765427440405,
      "clipfrac": 0.09100341796875
    },
    {
      "update": 450,
      "timesteps": 1843200,
      "sps": 2243.063487038778,
      "episodes": 20,
      "mean_return": 975.0,
      "median_return": 1050.0,
      "min_return": 400.0,
      "max_return": 1650.0,