{
  "config": {
    "games": [
      "Breakout-v5",
      "Pong-v5",
      "SpaceInvaders-v5",
      "Seaquest-v5",
      "BeamRider-v5"
    ],
    "steps_per_game": 1500000,
    "num_envs": 32,
    "num_steps": 128,
    "seed": 1,
    "eval_episodes": 20,
    "eval_every_updates": 25,
    "gamma": 0.99,
    "gae_lambda": 0.95,
    "num_minibatches": 4,
    "update_epochs": 4,
    "clip_coef": 0.1,
    "ent_coef": 0.01,
    "vf_coef": 0.5,
    "max_grad_norm": 0.5,
    "lr": 0.00025,
    "mem_rank": 64,
    "out_dir": "castm_runs/newset/naive_seed1",
    "fire_reset": true,
    "resolve": false
  },
  "method": "fully_plastic_memory_resolve",
  "random_scores": {
    "Breakout-v5": 1.100000023841858,
    "Pong-v5": -20.299999237060547,
    "SpaceInvaders-v5": 110.75,
    "Seaquest-v5": 58.0,
    "BeamRider-v5": 481.79998779296875
  },
  "best_after_learn": {
    "Breakout-v5": 10.899999618530273,
    "Pong-v5": -15.25,
    "SpaceInvaders-v5": 382.25,
    "Seaquest-v5": 821.0,
    "BeamRider-v5": 961.5999755859375
  },
  "retention_matrix": [
    {
      "after_game": "Breakout-v5",
      "after_index": 0,
      "scores": {
        "Breakout-v5": {
          "mean": 11.800000190734863,
          "std": 3.906404972076416,
          "n": 20,
          "valid": true,
          "returns": [
            5.0,
            7.0,
            7.0,
            8.0,
            8.0,
            10.0,
            8.0,
            11.0,
            11.0,
            11.0,
            12.0,
            11.0,
            12.0,
            16.0,
            17.0,
            18.0,
            14.0,
            18.0,
            15.0,
            17.0
          ]
        }
      }
    },
    {
      "after_game": "Pong-v5",
      "after_index": 1,
      "scores": {
        "Breakout-v5": {
          "mean": 1.7000000476837158,
          "std": 1.4177446365356445,
          "n": 20,
          "valid": true,
          "returns": [
            0.0,
            0.0,
            0.0,
            0.0,
            1.0,
            1.0,
            1.0,
            1.0,
            1.0,
            1.0,
            2.0,
            2.0,
            3.0,
            3.0,
            3.0,
            3.0,
            0.0,
            4.0,
            4.0,
            4.0
          ]
        },
        "Pong-v5": {
          "mean": -17.5,
          "std": 2.2693612575531006,
          "n": 20,
          "valid": true,
          "returns": [
            -20.0,
            -19.0,
            -20.0,
            -21.0,
            -18.0,
            -20.0,
            -18.0,
            -20.0,
            -20.0,
            -14.0,
            -18.0,
            -16.0,
            -18.0,
            -18.0,
            -15.0,
            -16.0,
            -14.0,
            -16.0,
            -15.0,
            -14.0
          ]
        }
      }
    },
    {
      "after_game": "SpaceInvaders-v5",
      "after_index": 2,
      "scores": {
        "Breakout-v5": {
          "mean": 0.0,
          "std": 0.0,
          "n": 20,
          "valid": true,
          "returns": [
            0.0,
            0.0,
            0.0,
            0.0,
            0.0,
            0.0,
            0.0,
            0.0,
            0.0,
            0.0,
            0.0,
            0.0,
            0.0,
            0.0,
            0.0,
            0.0,
            0.0,
            0.0,
            0.0,
            0.0
          ]
        },
        "Pong-v5": {
          "mean": -21.0,
          "std": 0.0,
          "n": 20,
          "valid": true,
          "returns": [
            -21.0,
            -21.0,
            -21.0,
            -21.0,
            -21.0,
            -21.0,
            -21.0,
            -21.0,
            -21.0,
            -21.0,
            -21.0,
            -21.0,
            -21.0,
            -21.0,
            -21.0,
            -21.0,
            -21.0,
            -21.0,
            -21.0,
            -21.0
          ]
        },
        "SpaceInvaders-v5": {
          "mean": 439.0,
          "std": 173.1083526611328,
          "n": 20,
          "valid": true,
          "returns": [
            115.0,
            440.0,
            350.0,
            315.0,
            390.0,
            255.0,
            330.0,
            425.0,
            585.0,
            490.0,
            545.0,
            425.0,
            810.0,
            60.0,
            445.0,
            545.0,
            490.0,
            550.0,
            500.0,
            715.0
          ]
        }
      }
    },
    {
      "after_game": "Seaquest-v5",
      "after_index": 3,
      "scores": {
        "Breakout-v5": {
          "mean": 2.0,
          "std": 0.7745966911315918,
          "n": 20,
          "valid": true,
          "returns": [
            0.0,
            0.0,
            2.0,
            2.0,
            2.0,
            2.0,
            2.0,
            2.0,
            2.0,
            2.0,
            2.0,
            2.0,
            2.0,
            2.0,
            2.0,
            2.0,
            3.0,
            3.0,
            3.0,
            3.0
          ]
        },
        "Pong-v5": {
          "mean": -21.0,
          "std": 0.0,
          "n": 20,
          "valid": true,
          "returns": [
            -21.0,
            -21.0,
            -21.0,
            -21.0,
            -21.0,
            -21.0,
            -21.0,
            -21.0,
            -21.0,
            -21.0,
            -21.0,
            -21.0,
            -21.0,
            -21.0,
            -21.0,
            -21.0,
            -21.0,
            -21.0,
            -21.0,
            -21.0
          ]
        },
        "SpaceInvaders-v5": {
          "mean": 161.5,
          "std": 90.63801574707031,
          "n": 20,
          "valid": true,
          "returns": [
            45.0,
            30.0,
            90.0,
            50.0,
            45.0,
            125.0,
            145.0,
            185.0,
            155.0,
            155.0,
            185.0,
            160.0,
            165.0,
            215.0,
            230.0,
            120.0,
            265.0,
            285.0,
            415.0,
            165.0
          ]
        },
        "Seaquest-v5": {
          "mean": 818.0,
          "std": 32.186954498291016,
          "n": 20,
          "valid": true,
          "returns": [
            720.0,
            800.0,
            840.0,
            840.0,
            800.0,
            880.0,
            840.0,
            820.0,
            860.0,
            820.0,
            780.0,
            840.0,
            800.0,
            840.0,
            820.0,
            820.0,
            820.0,
            820.0,
            800.0,
            800.0
          ]
        }
      }
    },
    {
      "after_game": "BeamRider-v5",
      "after_index": 4,
      "scores": {
        "Breakout-v5": {
          "mean": 2.049999952316284,
          "std": 1.3592276573181152,
          "n": 20,
          "valid": true,
          "returns": [
            0.0,
            0.0,
            1.0,
            1.0,
            1.0,
            2.0,
            2.0,
            2.0,
            2.0,
            2.0,
            2.0,
            3.0,
            3.0,
            3.0,
            3.0,
            4.0,
            4.0,
            1.0,
            0.0,
            5.0
          ]
        },
        "Pong-v5": {
          "mean": -20.549999237060547,
          "std": 0.5894913077354431,
          "n": 20,
          "valid": true,