{
  "config": {
    "games": [
      "Alien-v5",
      "Defender-v5"
    ],
    "steps_per_game": 2000000,
    "num_envs": 32,
    "num_steps": 128,
    "seed": 3,
    "eval_episodes": 30,
    "eval_every_updates": 25,
    "gamma": 0.99,
    "gae_lambda": 0.95,
    "num_minibatches": 4,
    "update_epochs": 4,
    "clip_coef": 0.1,
    "ent_coef": 0.01,
    "vf_coef": 0.5,
    "max_grad_norm": 0.5,
    "lr_shared": 0.00025,
    "lr_scratch": 0.001,
    "out_dir": "castm_runs/oracle/seed3",
    "fire_reset": true,
    "inferred_eval": true,
    "anchor_frames": 2048,
    "proto_per_ctx": 8
  },
  "random_scores": {
    "Alien-v5": 180.6666717529297,
    "Defender-v5": 3090.0
  },
  "best_after_learn": {
    "Alien-v5": 399.3333435058594,
    "Defender-v5": 9615.0
  },
  "retention_matrix": [
    {
      "after_game": "Alien-v5",
      "after_index": 0,
      "scores": {
        "Alien-v5": {
          "mean": 435.0,
          "std": 192.60926818847656,
          "n": 30,
          "valid": true,
          "returns": [
            410.0,
            370.0,
            370.0,
            410.0,
            340.0,
            390.0,
            350.0,
            240.0,
            380.0,
            410.0,
            380.0,
            350.0,
            280.0,
            370.0,
            360.0,
            390.0,
            390.0,
            400.0,
            390.0,
            340.0,
            290.0,
            300.0,
            970.0,
            440.0,
            410.0,
            310.0,
            550.0,
            920.0,
            480.0,
            1060.0
          ]
        }
      }
    },
    {
      "after_game": "Defender-v5",
      "after_index": 1,
      "scores": {
        "Alien-v5": {
          "mean": 435.0,
          "std": 192.60926818847656,
          "n": 30,
          "valid": true,
          "returns": [
            410.0,
            370.0,
            370.0,
            410.0,
            340.0,
            390.0,
            350.0,
            240.0,
            380.0,
            410.0,
            380.0,
            350.0,
            280.0,
            370.0,
            360.0,
            390.0,
            390.0,
            400.0,
            390.0,
            340.0,
            290.0,
            300.0,
            970.0,
            440.0,
            410.0,
            310.0,
            550.0,
            920.0,
            480.0,
            1060.0
          ]
        },
        "Defender-v5": {
          "mean": 7186.66650390625,
          "std": 4758.447265625,
          "n": 30,
          "valid": true,
          "returns": [
            600.0,
            600.0,
            700.0,
            3200.0,
            3650.0,
            4150.0,
            2750.0,
            3650.0,
            4800.0,
            1050.0,
            5450.0,
            5800.0,
            8900.0,
            5850.0,
            7300.0,
            7150.0,
            7850.0,
            5950.0,
            6000.0,
            8100.0,
            8600.0,
            8650.0,
            8800.0,
            12900.0,
            12800.0,
            17250.0,
            5200.0,
            17600.0,
            17600.0,
            12700.0
          ]
        }
      }
    }
  ],
  "learning_curves": {
    "Alien-v5": [
      {
        "game": "Alien-v5",
        "ctx": 0,
        "update": 1,
        "steps": 4096,
        "eval_mean": 204.3333282470703,
        "eval_valid": true,
        "sps": 101.85349888703612,
        "loss": 0.18253971636295319,
        "entropy": 2.8900861740112305,
        "approx_kl": 0.0002823926624841988
      },
      {
        "game": "Alien-v5",
        "ctx": 0,
        "update": 25,
        "steps": 102400,
        "eval_mean": 264.6666564941406,
        "eval_valid": true,
        "sps": 962.8272560523078,
        "loss": 0.10612669587135315,
        "entropy": 2.747213840484619,
        "approx_kl": 0.0009073471883311868
      },
      {
        "game": "Alien-v5",
        "ctx": 0,
        "update": 50,
        "steps": 204800,
        "eval_mean": 305.6666564941406,
        "eval_valid": true,
        "sps": 1183.3878031741574,
        "loss": 0.1636066436767578,
        "entropy": 2.516284465789795,
        "approx_kl": 0.0007450815173797309
      },
      {
        "game": "Alien-v5",
        "ctx": 0,
        "update": 75,
        "steps": 307200,
        "eval_mean": 305.0,
        "eval_valid": true,
        "sps": 1279.9163395430521,
        "loss": 0.16437843441963196,
        "entropy": 2.0496826171875,
        "approx_kl": 0.0022019350435584784
      },
      {
        "game": "Alien-v5",
        "ctx": 0,
        "update": 100,
        "steps": 409600,
        "eval_mean": 324.0,
        "eval_valid": true,
        "sps": 1331.0889564002662,
        "loss": 0.15376755595207214,
        "entropy": 1.7108384370803833,
        "approx_kl": 0.0012156873708590865
      },
      {
        "game": "Alien-v5",
        "ctx": 0,
        "update": 125,
        "steps": 512000,
        "eval_mean": 297.3333435058594,
        "eval_valid": true,
        "sps": 1374.242011085302,
        "loss": 0.23563186824321747,
        "entropy": 1.3983449935913086,
        "approx_kl": 0.001253815134987235
      },
      {
        "game": "Alien-v5",
        "ctx": 0,
        "update": 150,
        "steps": 614400,
        "eval_mean": 271.6666564941406,
        "eval_valid": true,
        "sps": 1398.1647062689105,
        "loss": 0.21605950593948364,
        "entropy": 1.2149296998977661,
        "approx_kl": 0.000823062495328486
      },
      {
        "game": "Alien-v5",
        "ctx": 0,
        "update": 175,
        "steps": 716800,
        "eval_mean": 293.6666564941406,
        "eval_valid": true,
        "sps": 1418.4682392723726,
        "loss": 0.1733740121126175,
        "entropy": 1.3299895524978638,
        "approx_kl": 0.0007546874112449586
      },
      {
        "game": "Alien-v5",
        "ctx": 0,
        "update": 200,
        "steps": 819200,
        "eval_mean": 255.3333282470703,
        "eval_valid": true,
        "sps": 1430.8755339675165,
        "loss": 0.12305945158004761,
        "entropy": 1.336115837097168,
        "approx_kl": 0.001041704323142767
      },
      {
        "game": "Alien-v5",
        "ctx": 0,
        "update": 225,
        "steps": 921600,
        "eval_mean": 270.6666564941406,
        "eval_valid": true,
        "sps": 1441.6279632632843,
        "loss": 0.10179462283849716,
        "entropy": 1.4936306476593018,
        "approx_kl": 0.0004511479055508971
      },
      {
        "game": "Alien-v5",
        "ctx": 0,
        "update": 250,
        "steps": 1024000,
        "eval_mean": 347.3333435058594,
        "eval_valid": true,
        "sps": 1449.8867205487486,
        "loss": 0.1700792759656906,
        "entropy": 1.593986988067627,
        "approx_kl": 0.000850039126817137
      },
      {
        "game": "Alien-v5",
        "ctx": 0,
        "update": 275,
        "steps": 1126400,
        "eval_mean": 334.3333435058594,
        "eval_valid": true,
        "sps": 1456.7523524095072,
        "loss": 0.22587992250919342,
        "entropy": 1.6190677881240845,
        "approx_kl": 0.0008082338026724756
      },
      {
        "game": "Alien-v5",
        "ctx": 0,
        "update": 300,
        "steps": 1228800,
        "eval_mean": 333.6666564941406,
        "eval_valid": true,
        "sps": 1465.294045216955,
        "loss": 0.19562898576259613,
        "entropy": 1.2927074432373047,
        "approx_kl": 0.0014644940383732319
      },
      {
        "game": "Alien-v5",
        "ctx": 0,
        "update": 325,
        "steps": 1331200,
        "eval_mean": 334.3333435058594,
        "eval_valid": true,
        "sps": 1468.6081864256025,
        "loss": 0.20353227853775024,
        "entropy": 1.2934930324554443,
        "approx_kl": 0.000672214780934155
      },
      {
        "game": "Alien-v5",
        "ctx": 0,