{
  "config": {
    "games": [
      "Breakout-v5",
      "Pong-v5",
      "SpaceInvaders-v5",
      "Seaquest-v5",
      "BeamRider-v5"
    ],
    "steps_per_game": 1500000,
    "num_envs": 32,
    "num_steps": 128,
    "seed": 1,
    "eval_episodes": 20,
    "eval_every_updates": 25,
    "gamma": 0.99,
    "gae_lambda": 0.95,
    "num_minibatches": 4,
    "update_epochs": 4,
    "clip_coef": 0.1,
    "ent_coef": 0.01,
    "vf_coef": 0.5,
    "max_grad_norm": 0.5,
    "lr": 0.00025,
    "mem_rank": 64,
    "out_dir": "castm_runs/newset/plastic_inf_seed1",
    "fire_reset": true,
    "resolve": true,
    "inferred_eval": true,
    "anchor_frames": 2048,
    "proto_per_ctx": 8
  },
  "method": "fully_plastic_memory_resolve",
  "random_scores": {
    "Breakout-v5": 1.100000023841858,
    "Pong-v5": -20.299999237060547,
    "SpaceInvaders-v5": 110.75,
    "Seaquest-v5": 58.0,
    "BeamRider-v5": 481.79998779296875
  },
  "best_after_learn": {
    "Breakout-v5": 12.899999618530273,
    "Pong-v5": -19.049999237060547,
    "SpaceInvaders-v5": 261.0,
    "Seaquest-v5": 792.0,
    "BeamRider-v5": 601.4000244140625
  },
  "retention_matrix": [
    {
      "after_game": "Breakout-v5",
      "after_index": 0,
      "scores": {
        "Breakout-v5": {
          "mean": 12.25,
          "std": 4.391753673553467,
          "n": 20,
          "valid": true,
          "returns": [
            5.0,
            7.0,
            9.0,
            10.0,
            9.0,
            10.0,
            11.0,
            10.0,
            11.0,
            10.0,
            11.0,
            12.0,
            11.0,
            18.0,
            11.0,
            14.0,
            21.0,
            16.0,
            23.0,
            16.0
          ]
        }
      }
    },
    {
      "after_game": "Pong-v5",
      "after_index": 1,
      "scores": {
        "Breakout-v5": {
          "mean": 11.199999809265137,
          "std": 3.325658082962036,
          "n": 20,
          "valid": true,
          "returns": [
            5.0,
            7.0,
            9.0,
            9.0,
            10.0,
            10.0,
            12.0,
            11.0,
            13.0,
            10.0,
            11.0,
            10.0,
            14.0,
            12.0,
            11.0,
            11.0,
            14.0,
            21.0,
            16.0,
            8.0
          ]
        },
        "Pong-v5": {
          "mean": -21.0,
          "std": 0.0,
          "n": 20,
          "valid": true,
          "returns": [
            -21.0,
            -21.0,
            -21.0,
            -21.0,
            -21.0,
            -21.0,
            -21.0,
            -21.0,
            -21.0,
            -21.0,
            -21.0,
            -21.0,
            -21.0,
            -21.0,
            -21.0,
            -21.0,
            -21.0,
            -21.0,
            -21.0,
            -21.0
          ]
        }
      }
    },
    {
      "after_game": "SpaceInvaders-v5",
      "after_index": 2,
      "scores": {
        "Breakout-v5": {
          "mean": 11.800000190734863,
          "std": 3.3852622509002686,
          "n": 20,
          "valid": true,
          "returns": [
            6.0,
            7.0,
            9.0,
            10.0,
            10.0,
            10.0,
            10.0,
            13.0,
            10.0,
            12.0,
            11.0,
            10.0,
            14.0,
            12.0,
            11.0,
            12.0,
            21.0,
            16.0,
            16.0,
            16.0
          ]
        },
        "Pong-v5": {
          "mean": -21.0,
          "std": 0.0,
          "n": 20,
          "valid": true,
          "returns": [
            -21.0,
            -21.0,
            -21.0,
            -21.0,
            -21.0,
            -21.0,
            -21.0,
            -21.0,
            -21.0,
            -21.0,
            -21.0,
            -21.0,
            -21.0,
            -21.0,
            -21.0,
            -21.0,
            -21.0,
            -21.0,
            -21.0,
            -21.0
          ]
        },
        "SpaceInvaders-v5": {
          "mean": 201.25,
          "std": 71.16661834716797,
          "n": 20,
          "valid": true,
          "returns": [
            90.0,
            110.0,
            105.0,
            110.0,
            155.0,
            180.0,
            155.0,
            210.0,
            180.0,
            210.0,
            210.0,
            210.0,
            180.0,
            210.0,
            240.0,
            285.0,
            240.0,
            260.0,
            300.0,
            385.0
          ]
        }
      }
    },
    {
      "after_game": "Seaquest-v5",
      "after_index": 3,
      "scores": {
        "Breakout-v5": {
          "mean": 11.550000190734863,
          "std": 3.1060426235198975,
          "n": 20,
          "valid": true,
          "returns": [
            7.0,
            10.0,
            8.0,
            8.0,
            9.0,
            9.0,
            9.0,
            10.0,
            15.0,
            10.0,
            13.0,
            12.0,
            14.0,
            11.0,
            10.0,
            11.0,
            14.0,
            18.0,
            17.0,
            16.0
          ]
        },
        "Pong-v5": {
          "mean": -21.0,
          "std": 0.0,
          "n": 20,
          "valid": true,
          "returns": [
            -21.0,
            -21.0,
            -21.0,
            -21.0,
            -21.0,
            -21.0,
            -21.0,
            -21.0,
            -21.0,
            -21.0,
            -21.0,
            -21.0,
            -21.0,
            -21.0,
            -21.0,
            -21.0,
            -21.0,
            -21.0,
            -21.0,
            -21.0
          ]
        },
        "SpaceInvaders-v5": {
          "mean": 205.75,
          "std": 79.61273193359375,
          "n": 20,
          "valid": true,
          "returns": [
            90.0,
            110.0,
            105.0,
            110.0,
            155.0,
            180.0,
            155.0,
            210.0,
            180.0,
            210.0,
            210.0,
            210.0,
            180.0,
            210.0,
            240.0,
            285.0,
            240.0,
            260.0,
            385.0,
            390.0
          ]
        },
        "Seaquest-v5": {
          "mean": 787.0,
          "std": 55.23585891723633,
          "n": 20,
          "valid": true,
          "returns": [
            640.0,
            640.0,
            720.0,
            780.0,
            780.0,
            820.0,
            800.0,
            820.0,
            820.0,
            820.0,
            820.0,
            840.0,
            780.0,
            800.0,
            820.0,
            820.0,
            800.0,
            780.0,
            820.0,
            820.0
          ]
        }
      }
    },
    {
      "after_game": "BeamRider-v5",
      "after_index": 4,
      "scores": {
        "Breakout-v5": {
          "mean": 11.199999809265137,
          "std": 4.007493019104004,
          "n": 20,
          "valid": true,
          "returns": [
            8.0,
            8.0,
            8.0,
            7.0,
            8.0,
            9.0,
            14.0,
            10.0,
            10.0,
            11.0,
            10.0,
            10.0,
            10.0,
            11.0,
            12.0,
            12.0,
            11.0,
            14.0,
            15.0,
            26.0
          ]
        },
        "Pong-v5": {
          "mean": -21.0,
          "std": 0.0,
          "n": 20,
          "valid": true,