{
  "config": {
    "game": "Tennis-v5",
    "total_steps": 2000000,
    "num_envs": 32,
    "seed": 1,
    "eval_episodes": 20,
    "fire_reset": true,
    "out_dir": "castm_runs/refs/Tennis-v5",
    "num_steps": 128,
    "gamma": 0.99,
    "gae_lambda": 0.95,
    "num_minibatches": 4,
    "update_epochs": 4,
    "clip_coef": 0.1,
    "ent_coef": 0.01,
    "vf_coef": 0.5,
    "max_grad_norm": 0.5,
    "lr": 0.00025
  },
  "updates": 488,
  "timesteps": 1998848,
  "learning_curve": [
    {
      "update": 1,
      "timesteps": 4096,
      "sps": 310.30145444176725,
      "episodes": 20,
      "mean_return": -24.0,
      "median_return": -24.0,
      "min_return": -24.0,
      "max_return": -24.0,
      "returns": [
        -24.0,
        -24.0,
        -24.0,
        -24.0,
        -24.0,
        -24.0,
        -24.0,
        -24.0,
        -24.0,
        -24.0,
        -24.0,
        -24.0,
        -24.0,
        -24.0,
        -24.0,
        -24.0,
        -24.0,
        -24.0,
        -24.0,
        -24.0
      ],
      "loss": 0.23851031064987183,
      "policy_loss": -0.003077008994296193,
      "value_loss": 0.5409380793571472,
      "entropy": 2.888171672821045,
      "approx_kl": 0.0022237240336835384,
      "clipfrac": 0.0394287109375
    },
    {
      "update": 50,
      "timesteps": 204800,
      "sps": 1633.9891861920457,
      "episodes": 20,
      "mean_return": -23.950000762939453,
      "median_return": -24.0,
      "min_return": -24.0,
      "max_return": -23.0,
      "returns": [
        -24.0,
        -24.0,
        -24.0,
        -24.0,
        -24.0,
        -24.0,
        -24.0,
        -24.0,
        -24.0,
        -24.0,
        -24.0,
        -24.0,
        -23.0,
        -24.0,
        -24.0,
        -24.0,
        -24.0,
        -24.0,
        -24.0,
        -24.0
      ],
      "loss": -0.012260629795491695,
      "policy_loss": -0.0008792021544650197,
      "value_loss": 0.03410036861896515,
      "entropy": 2.8431613445281982,
      "approx_kl": 0.0005617465358227491,
      "clipfrac": 0.002197265625
    },
    {
      "update": 100,
      "timesteps": 409600,
      "sps": 1724.4440086022137,
      "episodes": 20,
      "mean_return": -23.700000762939453,
      "median_return": -24.0,
      "min_return": -24.0,
      "max_return": -23.0,
      "returns": [
        -24.0,
        -24.0,
        -24.0,
        -24.0,
        -24.0,
        -24.0,
        -24.0,
        -23.0,
        -24.0,
        -24.0,
        -24.0,
        -23.0,
        -23.0,
        -24.0,
        -23.0,
        -23.0,
        -24.0,
        -24.0,
        -23.0,
        -24.0
      ],
      "loss": -0.014290805906057358,
      "policy_loss": -0.00040549261029809713,
      "value_loss": 0.02724277228116989,
      "entropy": 2.7506699562072754,
      "approx_kl": 0.0003814568044617772,
      "clipfrac": 0.0045166015625
    },
    {
      "update": 150,
      "timesteps": 614400,
      "sps": 1765.8950469064157,
      "episodes": 20,
      "mean_return": -11.699999809265137,
      "median_return": -13.0,
      "min_return": -24.0,
      "max_return": -1.0,
      "returns": [
        -24.0,
        -24.0,
        -24.0,
        -19.0,
        -2.0,
        -10.0,
        -1.0,
        -16.0,
        -17.0,
        -3.0,
        -18.0,
        -3.0,
        -18.0,
        -8.0,
        -17.0,
        -18.0,
        -9.0,
        -1.0,
        -1.0,
        -1.0
      ],
      "loss": -0.027125336229801178,
      "policy_loss": -0.0021707769483327866,
      "value_loss": 0.00434428546577692,
      "entropy": 2.71267032623291,
      "approx_kl": 0.001377693610265851,
      "clipfrac": 0.06707763671875
    },
    {
      "update": 200,
      "timesteps": 819200,
      "sps": 1254.4497830127123,
      "episodes": 20,
      "mean_return": -6.550000190734863,
      "median_return": -5.5,
      "min_return": -17.0,
      "max_return": -1.0,
      "returns": [
        -9.0,
        -2.0,
        -3.0,
        -17.0,
        -8.0,
        -3.0,
        -1.0,
        -8.0,
        -9.0,
        -11.0,
        -2.0,
        -1.0,
        -3.0,
        -16.0,
        -16.0,
        -8.0,
        -11.0,
        -1.0,
        -1.0,
        -1.0
      ],
      "loss": -0.024553466588258743,
      "policy_loss": -9.68778767855838e-05,
      "value_loss": 0.0002766253019217402,
      "entropy": 2.4594902992248535,
      "approx_kl": 0.0006778938113711774,
      "clipfrac": 0.021484375
    },
    {
      "update": 250,
      "timesteps": 1024000,
      "sps": 1060.0778151053526,
      "episodes": 20,
      "mean_return": -4.349999904632568,
      "median_return": -3.0,
      "min_return": -24.0,
      "max_return": -1.0,
      "returns": [
        -24.0,
        -1.0,
        -8.0,
        -1.0,
        -8.0,
        -1.0,
        -2.0,
        -8.0,
        -8.0,
        -1.0,
        -3.0,
        -3.0,
        -3.0,
        -2.0,
        -1.0,
        -3.0,
        -2.0,
        -3.0,
        -3.0,
        -2.0
      ],
      "loss": -0.025396546348929405,
      "policy_loss": -0.0011622989550232887,
      "value_loss": 8.393879397772253e-05,
      "entropy": 2.427621841430664,
      "approx_kl": 0.0005146837211214006,
      "clipfrac": 0.01654052734375
    },
    {
      "update": 300,
      "timesteps": 1228800,
      "sps": 966.8458402851967,
      "episodes": 20,
      "mean_return": -9.350000381469727,
      "median_return": -9.0,
      "min_return": -24.0,
      "max_return": -1.0,
      "returns": [
        -24.0,
        -24.0,
        -24.0,
        -10.0,
        -9.0,
        -16.0,
        -8.0,
        -3.0,
        -11.0,
        -2.0,
        -2.0,
        -1.0,
        -3.0,
        -10.0,
        -1.0,
        -2.0,
        -9.0,
        -8.0,
        -11.0,
        -9.0
      ],
      "loss": -0.02294689044356346,
      "policy_loss": -0.0002003323461394757,
      "value_loss": 0.0015591925475746393,
      "entropy": 2.3526155948638916,
      "approx_kl": 0.0018025747267529368,
      "clipfrac": 0.095458984375
    },
    {
      "update": 350,
      "timesteps": 1433600,
      "sps": 910.3393561420495,
      "episodes": 20,
      "mean_return": -8.800000190734863,
      "median_return": -6.0,
      "min_return": -24.0,
      "max_return": -1.0,
      "returns": [
        -24.0,
        -24.0,
        -16.0,
        -2.0,
        -11.0,
        -3.0,
        -3.0,
        -2.0,
        -11.0,
        -19.0,
        -1.0,
        -3.0,
        -3.0,
        -9.0,
        -18.0,
        -11.0,
        -1.0,
        -3.0,
        -2.0,
        -10.0
      ],
      "loss": -0.02370142936706543,
      "policy_loss": -0.0005093287909403443,
      "value_loss": 0.0003174471785314381,
      "entropy": 2.335082530975342,
      "approx_kl": 0.00028631501481868327,
      "clipfrac": 0.00274658203125
    },
    {
      "update": 400,
      "timesteps": 1638400,
      "sps": 873.8996339283975,
      "episodes": 20,
      "mean_return": -15.050000190734863,
      "median_return": -14.0,
      "min_return": -24.0,
      "max_return": -2.0,
      "returns": [
        -24.0,
        -24.0,
        -24.0,
        -24.0,
        -24.0,
        -24.0,
        -24.0,
        -24.0,
        -2.0,
        -8.0,
        -8.0,
        -11.0,
        -10.0,
        -2.0,
        -10.0,
        -11.0,
        -3.0,
        -19.0,
        -8.0,
        -17.0
      ],
      "loss": -0.025235384702682495,
      "policy_loss": -0.0006337768863886595,
      "value_loss": 0.00016165552369784564,
      "entropy": 2.4682435989379883,
      "approx_kl": 0.00016618490917608142,
      "clipfrac": 0.0009765625
    },
    {
      "update": 450,
      "timesteps": 1843200,
      "sps": 848.6292597841364,
      "episodes": 20,
      "mean_return": -12.149999618530273,
      "median_return": -8.0,
      "min_return": -24.0,
      "max_return": -1.0,