{
  "config": {
    "game": "Pong-v5",
    "total_steps": 2000000,
    "num_envs": 32,
    "seed": 1,
    "eval_episodes": 20,
    "fire_reset": true,
    "out_dir": "castm_runs/newset/refs/Pong-v5",
    "num_steps": 128,
    "gamma": 0.99,
    "gae_lambda": 0.95,
    "num_minibatches": 4,
    "update_epochs": 4,
    "clip_coef": 0.1,
    "ent_coef": 0.01,
    "vf_coef": 0.5,
    "max_grad_norm": 0.5,
    "lr": 0.00025
  },
  "updates": 488,
  "timesteps": 1998848,
  "learning_curve": [
    {
      "update": 1,
      "timesteps": 4096,
      "sps": 308.71908668810954,
      "episodes": 20,
      "mean_return": -20.200000762939453,
      "median_return": -20.0,
      "min_return": -21.0,
      "max_return": -18.0,
      "returns": [
        -21.0,
        -21.0,
        -21.0,
        -21.0,
        -20.0,
        -21.0,
        -20.0,
        -21.0,
        -20.0,
        -20.0,
        -20.0,
        -20.0,
        -20.0,
        -21.0,
        -19.0,
        -21.0,
        -20.0,
        -20.0,
        -18.0,
        -19.0
      ],
      "loss": 0.10466406494379044,
      "policy_loss": -0.002966922242194414,
      "value_loss": 0.27303454279899597,
      "entropy": 2.8886303901672363,
      "approx_kl": 0.0017384168459102511,
      "clipfrac": 0.06573486328125
    },
    {
      "update": 50,
      "timesteps": 204800,
      "sps": 1911.1442437872986,
      "episodes": 20,
      "mean_return": -20.700000762939453,
      "median_return": -21.0,
      "min_return": -21.0,
      "max_return": -20.0,
      "returns": [
        -21.0,
        -21.0,
        -21.0,
        -21.0,
        -21.0,
        -21.0,
        -21.0,
        -21.0,
        -21.0,
        -21.0,
        -21.0,
        -20.0,
        -20.0,
        -20.0,
        -21.0,
        -21.0,
        -21.0,
        -20.0,
        -20.0,
        -20.0
      ],
      "loss": -0.00730766449123621,
      "policy_loss": -0.0013989706058055162,
      "value_loss": 0.04455240070819855,
      "entropy": 2.8184895515441895,
      "approx_kl": 0.0010970577131956816,
      "clipfrac": 0.04254150390625
    },
    {
      "update": 100,
      "timesteps": 409600,
      "sps": 2083.386124804173,
      "episodes": 20,
      "mean_return": -20.399999618530273,
      "median_return": -20.5,
      "min_return": -21.0,
      "max_return": -19.0,
      "returns": [
        -21.0,
        -21.0,
        -21.0,
        -20.0,
        -20.0,
        -21.0,
        -20.0,
        -21.0,
        -20.0,
        -21.0,
        -20.0,
        -21.0,
        -21.0,
        -20.0,
        -20.0,
        -20.0,
        -21.0,
        -21.0,
        -19.0,
        -19.0
      ],
      "loss": -0.009866708889603615,
      "policy_loss": -0.0019398462027311325,
      "value_loss": 0.03890756890177727,
      "entropy": 2.7380645275115967,
      "approx_kl": 0.0018487694906070828,
      "clipfrac": 0.09027099609375
    },
    {
      "update": 150,
      "timesteps": 614400,
      "sps": 2141.5487004374645,
      "episodes": 20,
      "mean_return": -19.600000381469727,
      "median_return": -20.0,
      "min_return": -21.0,
      "max_return": -17.0,
      "returns": [
        -21.0,
        -21.0,
        -21.0,
        -20.0,
        -19.0,
        -19.0,
        -20.0,
        -20.0,
        -19.0,
        -20.0,
        -19.0,
        -20.0,
        -19.0,
        -19.0,
        -20.0,
        -20.0,
        -20.0,
        -19.0,
        -19.0,
        -17.0
      ],
      "loss": -0.012140139937400818,
      "policy_loss": -0.0031391328666359186,
      "value_loss": 0.03565845638513565,
      "entropy": 2.683023691177368,
      "approx_kl": 0.002226069336757064,
      "clipfrac": 0.09967041015625
    },
    {
      "update": 200,
      "timesteps": 819200,
      "sps": 2169.214492001971,
      "episodes": 20,
      "mean_return": -19.450000762939453,
      "median_return": -19.0,
      "min_return": -21.0,
      "max_return": -17.0,
      "returns": [
        -21.0,
        -20.0,
        -19.0,
        -20.0,
        -19.0,
        -20.0,
        -21.0,
        -20.0,
        -20.0,
        -19.0,
        -21.0,
        -21.0,
        -19.0,
        -18.0,
        -18.0,
        -19.0,
        -19.0,
        -19.0,
        -17.0,
        -19.0
      ],
      "loss": -0.010116702876985073,
      "policy_loss": -0.0018920052098110318,
      "value_loss": 0.03454117849469185,
      "entropy": 2.5495288372039795,
      "approx_kl": 0.007748836185783148,
      "clipfrac": 0.139404296875
    },
    {
      "update": 250,
      "timesteps": 1024000,
      "sps": 2181.3322745600613,
      "episodes": 20,
      "mean_return": -19.850000381469727,
      "median_return": -20.0,
      "min_return": -21.0,
      "max_return": -17.0,
      "returns": [
        -21.0,
        -21.0,
        -21.0,
        -20.0,
        -21.0,
        -20.0,
        -20.0,
        -20.0,
        -21.0,
        -20.0,
        -19.0,
        -20.0,
        -20.0,
        -19.0,
        -19.0,
        -19.0,
        -20.0,
        -20.0,
        -19.0,
        -17.0
      ],
      "loss": 0.043394576758146286,
      "policy_loss": 0.010053467936813831,
      "value_loss": 0.1182001456618309,
      "entropy": 2.5758960247039795,
      "approx_kl": 0.008457995019853115,
      "clipfrac": 0.40863037109375
    },
    {
      "update": 300,
      "timesteps": 1228800,
      "sps": 2197.9489891909834,
      "episodes": 20,
      "mean_return": -19.700000762939453,
      "median_return": -20.0,
      "min_return": -21.0,
      "max_return": -17.0,
      "returns": [
        -21.0,
        -21.0,
        -21.0,
        -21.0,
        -21.0,
        -21.0,
        -20.0,
        -20.0,
        -20.0,
        -20.0,
        -19.0,
        -21.0,
        -20.0,
        -17.0,
        -18.0,
        -18.0,
        -18.0,
        -18.0,
        -20.0,
        -19.0
      ],
      "loss": 0.02664218284189701,
      "policy_loss": 0.0062480345368385315,
      "value_loss": 0.08703644573688507,
      "entropy": 2.3124074935913086,
      "approx_kl": 0.040705956518650055,
      "clipfrac": 0.26544189453125
    },
    {
      "update": 350,
      "timesteps": 1433600,
      "sps": 2206.773495467383,
      "episodes": 20,
      "mean_return": -21.0,
      "median_return": -21.0,
      "min_return": -21.0,
      "max_return": -21.0,
      "returns": [
        -21.0,
        -21.0,
        -21.0,
        -21.0,
        -21.0,
        -21.0,
        -21.0,
        -21.0,
        -21.0,
        -21.0,
        -21.0,
        -21.0,
        -21.0,
        -21.0,
        -21.0,
        -21.0,
        -21.0,
        -21.0,
        -21.0,
        -21.0
      ],
      "loss": 0.42092663049697876,
      "policy_loss": 0.017616568133234978,
      "value_loss": 0.8172548413276672,
      "entropy": 0.5317385196685791,
      "approx_kl": 0.03669057413935661,
      "clipfrac": 0.1087646484375
    },
    {
      "update": 400,
      "timesteps": 1638400,
      "sps": 2222.4169286823767,
      "episodes": 20,
      "mean_return": -21.0,
      "median_return": -21.0,
      "min_return": -21.0,
      "max_return": -21.0,
      "returns": [
        -21.0,
        -21.0,
        -21.0,
        -21.0,
        -21.0,
        -21.0,
        -21.0,
        -21.0,
        -21.0,
        -21.0,
        -21.0,
        -21.0,
        -21.0,
        -21.0,
        -21.0,
        -21.0,
        -21.0,
        -21.0,
        -21.0,
        -21.0
      ],
      "loss": 0.2500402331352234,
      "policy_loss": -0.00016990168660413474,
      "value_loss": 0.500535786151886,
      "entropy": 0.005776012782007456,
      "approx_kl": 0.006931981071829796,
      "clipfrac": 0.00103759765625
    },
    {
      "update": 450,
      "timesteps": 1843200,
      "sps": 2236.7166584071197,
      "episodes": 20,
      "mean_return": -21.0,
      "median_return": -21.0,
      "min_return": -21.0,
      "max_return": -21.0,