{
  "config": {
    "game": "Phoenix-v5",
    "total_steps": 2000000,
    "num_envs": 32,
    "seed": 1,
    "eval_episodes": 20,
    "fire_reset": true,
    "out_dir": "castm_runs/refs/Phoenix-v5",
    "num_steps": 128,
    "gamma": 0.99,
    "gae_lambda": 0.95,
    "num_minibatches": 4,
    "update_epochs": 4,
    "clip_coef": 0.1,
    "ent_coef": 0.01,
    "vf_coef": 0.5,
    "max_grad_norm": 0.5,
    "lr": 0.00025
  },
  "updates": 488,
  "timesteps": 1998848,
  "learning_curve": [
    {
      "update": 1,
      "timesteps": 4096,
      "sps": 312.26418772072753,
      "episodes": 20,
      "mean_return": 505.5,
      "median_return": 410.0,
      "min_return": 140.0,
      "max_return": 1740.0,
      "returns": [
        480.0,
        420.0,
        380.0,
        540.0,
        420.0,
        1740.0,
        560.0,
        340.0,
        400.0,
        340.0,
        380.0,
        260.0,
        540.0,
        830.0,
        140.0,
        240.0,
        380.0,
        800.0,
        400.0,
        520.0
      ],
      "loss": 0.06358499825000763,
      "policy_loss": -0.001535654067993164,
      "value_loss": 0.18804647028446198,
      "entropy": 2.890259265899658,
      "approx_kl": 0.00012588448589667678,
      "clipfrac": 0.0
    },
    {
      "update": 50,
      "timesteps": 204800,
      "sps": 1879.3431174154343,
      "episodes": 20,
      "mean_return": 1194.0,
      "median_return": 1065.0,
      "min_return": 200.0,
      "max_return": 3160.0,
      "returns": [
        300.0,
        200.0,
        480.0,
        380.0,
        480.0,
        480.0,
        2180.0,
        420.0,
        1180.0,
        1800.0,
        870.0,
        1860.0,
        1330.0,
        1950.0,
        950.0,
        1570.0,
        2280.0,
        1630.0,
        380.0,
        3160.0
      ],
      "loss": 0.03553256019949913,
      "policy_loss": -0.006078589707612991,
      "value_loss": 0.13127432763576508,
      "entropy": 2.402601718902588,
      "approx_kl": 0.001537328353151679,
      "clipfrac": 0.0772705078125
    },
    {
      "update": 100,
      "timesteps": 409600,
      "sps": 2063.8618591702393,
      "episodes": 20,
      "mean_return": 1429.0,
      "median_return": 1340.0,
      "min_return": 380.0,
      "max_return": 2980.0,
      "returns": [
        380.0,
        620.0,
        460.0,
        540.0,
        940.0,
        1750.0,
        1340.0,
        770.0,
        1340.0,
        2760.0,
        2000.0,
        1720.0,
        2980.0,
        2450.0,
        1810.0,
        1340.0,
        1460.0,
        2840.0,
        540.0,
        540.0
      ],
      "loss": 0.018943781033158302,
      "policy_loss": -0.008777361363172531,
      "value_loss": 0.1003657728433609,
      "entropy": 2.2461743354797363,
      "approx_kl": 0.0022101453505456448,
      "clipfrac": 0.12591552734375
    },
    {
      "update": 150,
      "timesteps": 614400,
      "sps": 2129.457049725679,
      "episodes": 20,
      "mean_return": 1482.5,
      "median_return": 1515.0,
      "min_return": 280.0,
      "max_return": 3020.0,
      "returns": [
        280.0,
        320.0,
        1030.0,
        1730.0,
        990.0,
        2180.0,
        1670.0,
        2950.0,
        1980.0,
        900.0,
        740.0,
        870.0,
        540.0,
        1930.0,
        1940.0,
        3020.0,
        1360.0,
        2070.0,
        680.0,
        2470.0
      ],
      "loss": 0.03769509866833687,
      "policy_loss": -0.007723354734480381,
      "value_loss": 0.13530801236629486,
      "entropy": 2.223555564880371,
      "approx_kl": 0.0019738441333174706,
      "clipfrac": 0.1181640625
    },
    {
      "update": 200,
      "timesteps": 819200,
      "sps": 2164.796057543807,
      "episodes": 20,
      "mean_return": 2084.5,
      "median_return": 1960.0,
      "min_return": 200.0,
      "max_return": 4250.0,
      "returns": [
        200.0,
        680.0,
        620.0,
        880.0,
        1350.0,
        1000.0,
        1690.0,
        2430.0,
        1850.0,
        2740.0,
        2340.0,
        2450.0,
        3900.0,
        2070.0,
        1720.0,
        1700.0,
        2650.0,
        3120.0,
        4250.0,
        4050.0
      ],
      "loss": 0.02578485757112503,
      "policy_loss": -0.008315134793519974,
      "value_loss": 0.11432331055402756,
      "entropy": 2.306166648864746,
      "approx_kl": 0.001907669473439455,
      "clipfrac": 0.11395263671875
    },
    {
      "update": 250,
      "timesteps": 1024000,
      "sps": 2188.423477918947,
      "episodes": 20,
      "mean_return": 2123.0,
      "median_return": 2080.0,
      "min_return": 420.0,
      "max_return": 4640.0,
      "returns": [
        420.0,
        520.0,
        780.0,
        420.0,
        2120.0,
        2030.0,
        2230.0,
        2040.0,
        2820.0,
        1930.0,
        1980.0,
        2690.0,
        1940.0,
        2600.0,
        1960.0,
        2350.0,
        2320.0,
        3870.0,
        4640.0,
        2800.0
      ],
      "loss": 0.05160210281610489,
      "policy_loss": -0.007393742445856333,
      "value_loss": 0.1596936285495758,
      "entropy": 2.085096836090088,
      "approx_kl": 0.0021214697044342756,
      "clipfrac": 0.1080322265625
    },
    {
      "update": 300,
      "timesteps": 1228800,
      "sps": 2201.6285462506794,
      "episodes": 20,
      "mean_return": 2535.0,
      "median_return": 2150.0,
      "min_return": 360.0,
      "max_return": 5260.0,
      "returns": [
        400.0,
        360.0,
        2040.0,
        1780.0,
        1950.0,
        2090.0,
        2130.0,
        830.0,
        2090.0,
        2140.0,
        3380.0,
        3340.0,
        4140.0,
        2380.0,
        2160.0,
        4160.0,
        2950.0,
        3780.0,
        3340.0,
        5260.0
      ],
      "loss": 0.04566657543182373,
      "policy_loss": -0.006328990217298269,
      "value_loss": 0.14679399132728577,
      "entropy": 2.140143394470215,
      "approx_kl": 0.001412232406437397,
      "clipfrac": 0.0750732421875
    },
    {
      "update": 350,
      "timesteps": 1433600,
      "sps": 2204.2560554450206,
      "episodes": 20,
      "mean_return": 2924.0,
      "median_return": 2855.0,
      "min_return": 990.0,
      "max_return": 4760.0,
      "returns": [
        990.0,
        2430.0,
        2850.0,
        4520.0,
        3000.0,
        2080.0,
        2240.0,
        4630.0,
        1480.0,
        4190.0,
        2520.0,
        3000.0,
        2860.0,
        2100.0,
        2570.0,
        3400.0,
        1800.0,
        3890.0,
        3170.0,
        4760.0
      ],
      "loss": 0.04182613268494606,
      "policy_loss": -0.005242166109383106,
      "value_loss": 0.13705743849277496,
      "entropy": 2.1460421085357666,
      "approx_kl": 0.0011697434820234776,
      "clipfrac": 0.0599365234375
    },
    {
      "update": 400,
      "timesteps": 1638400,
      "sps": 2207.4709572185925,
      "episodes": 20,
      "mean_return": 2672.0,
      "median_return": 2580.0,
      "min_return": 540.0,
      "max_return": 4910.0,
      "returns": [
        540.0,
        1490.0,
        1720.0,
        3060.0,
        2520.0,
        1540.0,
        2250.0,
        2740.0,
        2150.0,
        2640.0,
        4650.0,
        2440.0,
        3980.0,
        3260.0,
        4910.0,
        2710.0,
        3820.0,
        2660.0,
        1970.0,
        2390.0
      ],
      "loss": 0.05549050122499466,
      "policy_loss": -0.003253613132983446,
      "value_loss": 0.15937389433383942,
      "entropy": 2.094282627105713,
      "approx_kl": 0.0006332228658720851,
      "clipfrac": 0.02288818359375
    },
    {
      "update": 450,
      "timesteps": 1843200,
      "sps": 2208.4973091273,
      "episodes": 20,
      "mean_return": 2746.5,
      "median_return": 2630.0,
      "min_return": 160.0,
      "max_return": 4400.0,