{
  "config": {
    "game": "Seaquest-v5",
    "total_steps": 2000000,
    "num_envs": 32,
    "seed": 1,
    "eval_episodes": 20,
    "fire_reset": true,
    "out_dir": "castm_runs/newset/refs/Seaquest-v5",
    "num_steps": 128,
    "gamma": 0.99,
    "gae_lambda": 0.95,
    "num_minibatches": 4,
    "update_epochs": 4,
    "clip_coef": 0.1,
    "ent_coef": 0.01,
    "vf_coef": 0.5,
    "max_grad_norm": 0.5,
    "lr": 0.00025
  },
  "updates": 488,
  "timesteps": 1998848,
  "learning_curve": [
    {
      "update": 1,
      "timesteps": 4096,
      "sps": 309.28237900500784,
      "episodes": 20,
      "mean_return": 77.0,
      "median_return": 60.0,
      "min_return": 20.0,
      "max_return": 240.0,
      "returns": [
        40.0,
        20.0,
        40.0,
        60.0,
        20.0,
        20.0,
        20.0,
        60.0,
        40.0,
        60.0,
        20.0,
        80.0,
        160.0,
        120.0,
        60.0,
        120.0,
        140.0,
        20.0,
        240.0,
        200.0
      ],
      "loss": 0.042286217212677,
      "policy_loss": -0.00017685655620880425,
      "value_loss": 0.142725870013237,
      "entropy": 2.8899857997894287,
      "approx_kl": 0.0003853692614939064,
      "clipfrac": 0.0
    },
    {
      "update": 50,
      "timesteps": 204800,
      "sps": 1972.7808052101445,
      "episodes": 20,
      "mean_return": 511.0,
      "median_return": 500.0,
      "min_return": 200.0,
      "max_return": 720.0,
      "returns": [
        200.0,
        400.0,
        380.0,
        420.0,
        440.0,
        500.0,
        500.0,
        460.0,
        480.0,
        480.0,
        540.0,
        540.0,
        600.0,
        580.0,
        560.0,
        580.0,
        640.0,
        720.0,
        720.0,
        480.0
      ],
      "loss": -0.011714361608028412,
      "policy_loss": -0.003268277505412698,
      "value_loss": 0.034679315984249115,
      "entropy": 2.5785741806030273,
      "approx_kl": 0.0017898211954161525,
      "clipfrac": 0.09564208984375
    },
    {
      "update": 100,
      "timesteps": 409600,
      "sps": 2023.6445812205234,
      "episodes": 20,
      "mean_return": 714.0,
      "median_return": 710.0,
      "min_return": 560.0,
      "max_return": 800.0,
      "returns": [
        560.0,
        580.0,
        680.0,
        680.0,
        720.0,
        700.0,
        700.0,
        660.0,
        640.0,
        700.0,
        680.0,
        760.0,
        740.0,
        800.0,
        780.0,
        760.0,
        800.0,
        780.0,
        760.0,
        800.0
      ],
      "loss": -0.014488408342003822,
      "policy_loss": -0.004317275248467922,
      "value_loss": 0.027544209733605385,
      "entropy": 2.3943238258361816,
      "approx_kl": 0.0015977309085428715,
      "clipfrac": 0.07257080078125
    },
    {
      "update": 150,
      "timesteps": 614400,
      "sps": 2042.897593556756,
      "episodes": 20,
      "mean_return": 707.0,
      "median_return": 710.0,
      "min_return": 540.0,
      "max_return": 820.0,
      "returns": [
        540.0,
        620.0,
        600.0,
        620.0,
        620.0,
        640.0,
        680.0,
        700.0,
        680.0,
        700.0,
        740.0,
        740.0,
        760.0,
        720.0,
        780.0,
        820.0,
        780.0,
        820.0,
        800.0,
        780.0
      ],
      "loss": -0.012531103566288948,
      "policy_loss": -0.004380496218800545,
      "value_loss": 0.029647354036569595,
      "entropy": 2.297428607940674,
      "approx_kl": 0.00208911020308733,
      "clipfrac": 0.12713623046875
    },
    {
      "update": 200,
      "timesteps": 819200,
      "sps": 2054.8805425592845,
      "episodes": 20,
      "mean_return": 753.0,
      "median_return": 800.0,
      "min_return": 480.0,
      "max_return": 860.0,
      "returns": [
        480.0,
        540.0,
        600.0,
        600.0,
        680.0,
        700.0,
        800.0,
        800.0,
        820.0,
        840.0,
        800.0,
        820.0,
        800.0,
        800.0,
        860.0,
        780.0,
        840.0,
        820.0,
        820.0,
        860.0
      ],
      "loss": -0.016443951055407524,
      "policy_loss": -0.0054696970619261265,
      "value_loss": 0.02328314259648323,
      "entropy": 2.261582612991333,
      "approx_kl": 0.001778766280040145,
      "clipfrac": 0.09954833984375
    },
    {
      "update": 250,
      "timesteps": 1024000,
      "sps": 2056.4409647424923,
      "episodes": 20,
      "mean_return": 791.0,
      "median_return": 810.0,
      "min_return": 640.0,
      "max_return": 880.0,
      "returns": [
        640.0,
        700.0,
        660.0,
        740.0,
        780.0,
        840.0,
        820.0,
        820.0,
        800.0,
        820.0,
        880.0,
        820.0,
        820.0,
        800.0,
        800.0,
        820.0,
        800.0,
        840.0,
        820.0,
        800.0
      ],
      "loss": -0.014502327889204025,
      "policy_loss": -0.004426154308021069,
      "value_loss": 0.023798607289791107,
      "entropy": 2.197547435760498,
      "approx_kl": 0.0013291751965880394,
      "clipfrac": 0.0665283203125
    },
    {
      "update": 300,
      "timesteps": 1228800,
      "sps": 2063.411671422992,
      "episodes": 20,
      "mean_return": 795.0,
      "median_return": 820.0,
      "min_return": 620.0,
      "max_return": 880.0,
      "returns": [
        620.0,
        680.0,
        680.0,
        700.0,
        720.0,
        820.0,
        840.0,
        860.0,
        860.0,
        820.0,
        800.0,
        860.0,
        880.0,
        820.0,
        800.0,
        820.0,
        840.0,
        820.0,
        820.0,
        840.0
      ],
      "loss": -0.011884447187185287,
      "policy_loss": -0.0034039206802845,
      "value_loss": 0.023500394076108932,
      "entropy": 2.0230722427368164,
      "approx_kl": 0.0019869781099259853,
      "clipfrac": 0.11395263671875
    },
    {
      "update": 350,
      "timesteps": 1433600,
      "sps": 2066.780734545103,
      "episodes": 20,
      "mean_return": 782.0,
      "median_return": 820.0,
      "min_return": 620.0,
      "max_return": 880.0,
      "returns": [
        620.0,
        620.0,
        680.0,
        680.0,
        660.0,
        720.0,
        760.0,
        780.0,
        800.0,
        840.0,
        860.0,
        840.0,
        860.0,
        820.0,
        880.0,
        860.0,
        880.0,
        820.0,
        820.0,
        840.0
      ],
      "loss": -0.011158592998981476,
      "policy_loss": -0.0025823316536843777,
      "value_loss": 0.021249204874038696,
      "entropy": 1.9200865030288696,
      "approx_kl": 0.0011664823396131396,
      "clipfrac": 0.04827880859375
    },
    {
      "update": 400,
      "timesteps": 1638400,
      "sps": 2068.500033748383,
      "episodes": 20,
      "mean_return": 834.0,
      "median_return": 840.0,
      "min_return": 740.0,
      "max_return": 880.0,
      "returns": [
        740.0,
        780.0,
        840.0,
        840.0,
        820.0,
        880.0,
        860.0,
        840.0,
        820.0,
        840.0,
        820.0,
        880.0,
        860.0,
        840.0,
        860.0,
        840.0,
        840.0,
        840.0,
        800.0,
        840.0
      ],
      "loss": -0.011599027551710606,
      "policy_loss": -0.0027071209624409676,
      "value_loss": 0.020564567297697067,
      "entropy": 1.9174189567565918,
      "approx_kl": 0.0014692142140120268,
      "clipfrac": 0.0733642578125
    },
    {
      "update": 450,
      "timesteps": 1843200,
      "sps": 2073.046987359682,
      "episodes": 20,
      "mean_return": 830.0,
      "median_return": 840.0,
      "min_return": 720.0,
      "max_return": 880.0,