{
  "config": {
    "games": [
      "Breakout-v5",
      "Pong-v5",
      "SpaceInvaders-v5",
      "Seaquest-v5",
      "BeamRider-v5"
    ],
    "steps_per_game": 1500000,
    "num_envs": 32,
    "num_steps": 128,
    "seed": 1,
    "eval_episodes": 20,
    "eval_every_updates": 25,
    "gamma": 0.99,
    "gae_lambda": 0.95,
    "num_minibatches": 4,
    "update_epochs": 4,
    "clip_coef": 0.1,
    "ent_coef": 0.01,
    "vf_coef": 0.5,
    "max_grad_norm": 0.5,
    "lr": 0.00025,
    "mem_rank": 64,
    "out_dir": "castm_runs/newset/plastic_seed1",
    "fire_reset": true,
    "resolve": true
  },
  "method": "fully_plastic_memory_resolve",
  "random_scores": {
    "Breakout-v5": 1.100000023841858,
    "Pong-v5": -20.299999237060547,
    "SpaceInvaders-v5": 110.75,
    "Seaquest-v5": 58.0,
    "BeamRider-v5": 481.79998779296875
  },
  "best_after_learn": {
    "Breakout-v5": 10.699999809265137,
    "Pong-v5": -7.25,
    "SpaceInvaders-v5": 332.5,
    "Seaquest-v5": 827.0,
    "BeamRider-v5": 855.4000244140625
  },
  "retention_matrix": [
    {
      "after_game": "Breakout-v5",
      "after_index": 0,
      "scores": {
        "Breakout-v5": {
          "mean": 10.399999618530273,
          "std": 3.006659507751465,
          "n": 20,
          "valid": true,
          "returns": [
            3.0,
            6.0,
            7.0,
            8.0,
            8.0,
            9.0,
            10.0,
            9.0,
            10.0,
            10.0,
            10.0,
            14.0,
            11.0,
            13.0,
            12.0,
            12.0,
            13.0,
            14.0,
            14.0,
            15.0
          ]
        }
      }
    },
    {
      "after_game": "Pong-v5",
      "after_index": 1,
      "scores": {
        "Breakout-v5": {
          "mean": 10.600000381469727,
          "std": 2.922327995300293,
          "n": 20,
          "valid": true,
          "returns": [
            3.0,
            6.0,
            8.0,
            8.0,
            9.0,
            10.0,
            10.0,
            9.0,
            10.0,
            10.0,
            14.0,
            11.0,
            13.0,
            13.0,
            11.0,
            12.0,
            12.0,
            13.0,
            15.0,
            15.0
          ]
        },
        "Pong-v5": {
          "mean": -10.699999809265137,
          "std": 5.640035629272461,
          "n": 20,
          "valid": true,
          "returns": [
            -18.0,
            -16.0,
            -15.0,
            -16.0,
            -17.0,
            -14.0,
            -15.0,
            -15.0,
            -13.0,
            -13.0,
            -13.0,
            -13.0,
            -10.0,
            -7.0,
            -6.0,
            -6.0,
            -4.0,
            -3.0,
            2.0,
            -2.0
          ]
        }
      }
    },
    {
      "after_game": "SpaceInvaders-v5",
      "after_index": 2,
      "scores": {
        "Breakout-v5": {
          "mean": 9.649999618530273,
          "std": 2.5937423706054688,
          "n": 20,
          "valid": true,
          "returns": [
            3.0,
            6.0,
            8.0,
            8.0,
            10.0,
            8.0,
            9.0,
            9.0,
            13.0,
            9.0,
            9.0,
            9.0,
            10.0,
            10.0,
            10.0,
            13.0,
            14.0,
            14.0,
            12.0,
            9.0
          ]
        },
        "Pong-v5": {
          "mean": -9.550000190734863,
          "std": 6.476688861846924,
          "n": 20,
          "valid": true,
          "returns": [
            -16.0,
            -17.0,
            -17.0,
            -14.0,
            -14.0,
            -14.0,
            -15.0,
            -15.0,
            -16.0,
            -11.0,
            -12.0,
            -10.0,
            -9.0,
            -6.0,
            5.0,
            -4.0,
            -3.0,
            -1.0,
            -1.0,
            -1.0
          ]
        },
        "SpaceInvaders-v5": {
          "mean": 352.0,
          "std": 128.7769317626953,
          "n": 20,
          "valid": true,
          "returns": [
            115.0,
            160.0,
            195.0,
            285.0,
            400.0,
            220.0,
            325.0,
            475.0,
            310.0,
            360.0,
            370.0,
            370.0,
            380.0,
            560.0,
            285.0,
            460.0,
            545.0,
            205.0,
            545.0,
            475.0
          ]
        }
      }
    },
    {
      "after_game": "Seaquest-v5",
      "after_index": 3,
      "scores": {
        "Breakout-v5": {
          "mean": 9.550000190734863,
          "std": 2.5391929149627686,
          "n": 20,
          "valid": true,
          "returns": [
            3.0,
            6.0,
            6.0,
            8.0,
            8.0,
            8.0,
            9.0,
            9.0,
            10.0,
            9.0,
            10.0,
            11.0,
            10.0,
            11.0,
            11.0,
            12.0,
            11.0,
            12.0,
            14.0,
            13.0
          ]
        },
        "Pong-v5": {
          "mean": -10.100000381469727,
          "std": 6.449031352996826,
          "n": 20,
          "valid": true,
          "returns": [
            -18.0,
            -17.0,
            -16.0,
            -17.0,
            -16.0,
            -15.0,
            -16.0,
            -13.0,
            -14.0,
            -13.0,
            -12.0,
            -11.0,
            -6.0,
            -6.0,
            -8.0,
            -4.0,
            3.0,
            -2.0,
            2.0,
            -3.0
          ]
        },
        "SpaceInvaders-v5": {
          "mean": 327.0,
          "std": 124.46284484863281,
          "n": 20,
          "valid": true,
          "returns": [
            100.0,
            175.0,
            145.0,
            225.0,
            585.0,
            360.0,
            360.0,
            250.0,
            320.0,
            360.0,
            325.0,
            520.0,
            245.0,
            535.0,
            325.0,
            315.0,
            365.0,
            380.0,
            435.0,
            215.0
          ]
        },
        "Seaquest-v5": {
          "mean": 808.0,
          "std": 47.916595458984375,
          "n": 20,
          "valid": true,
          "returns": [
            720.0,
            720.0,
            740.0,
            740.0,
            720.0,
            820.0,
            840.0,
            860.0,
            840.0,
            820.0,
            820.0,
            820.0,
            840.0,
            840.0,
            840.0,
            840.0,
            860.0,
            820.0,
            840.0,
            820.0
          ]
        }
      }
    },
    {
      "after_game": "BeamRider-v5",
      "after_index": 4,
      "scores": {
        "Breakout-v5": {
          "mean": 10.199999809265137,
          "std": 3.325657844543457,
          "n": 20,
          "valid": true,
          "returns": [
            3.0,
            6.0,
            7.0,
            8.0,
            8.0,
            8.0,
            10.0,
            9.0,
            9.0,
            10.0,
            17.0,
            10.0,
            11.0,
            12.0,
            11.0,
            14.0,
            12.0,
            17.0,
            13.0,
            9.0
          ]
        },
        "Pong-v5": {
          "mean": -11.300000190734863,
          "std": 6.132699489593506,
          "n": 20,
          "valid": true,