{
  "config": {
    "game": "Alien-v5",
    "total_steps": 2000000,
    "num_envs": 32,
    "seed": 1,
    "eval_episodes": 20,
    "fire_reset": true,
    "out_dir": "castm_runs/refs/Alien-v5",
    "num_steps": 128,
    "gamma": 0.99,
    "gae_lambda": 0.95,
    "num_minibatches": 4,
    "update_epochs": 4,
    "clip_coef": 0.1,
    "ent_coef": 0.01,
    "vf_coef": 0.5,
    "max_grad_norm": 0.5,
    "lr": 0.00025
  },
  "updates": 488,
  "timesteps": 1998848,
  "learning_curve": [
    {
      "update": 1,
      "timesteps": 4096,
      "sps": 271.5352778102145,
      "episodes": 20,
      "mean_return": 187.0,
      "median_return": 170.0,
      "min_return": 100.0,
      "max_return": 340.0,
      "returns": [
        210.0,
        180.0,
        120.0,
        210.0,
        140.0,
        170.0,
        150.0,
        160.0,
        100.0,
        150.0,
        240.0,
        140.0,
        270.0,
        190.0,
        290.0,
        240.0,
        170.0,
        140.0,
        340.0,
        130.0
      ],
      "loss": 0.22839155793190002,
      "policy_loss": -0.0016374116530641913,
      "value_loss": 0.5178547501564026,
      "entropy": 2.8898391723632812,
      "approx_kl": 0.0004863948270212859,
      "clipfrac": 0.0
    },
    {
      "update": 50,
      "timesteps": 204800,
      "sps": 1672.411618364891,
      "episodes": 20,
      "mean_return": 335.0,
      "median_return": 305.0,
      "min_return": 190.0,
      "max_return": 980.0,
      "returns": [
        280.0,
        240.0,
        250.0,
        280.0,
        190.0,
        260.0,
        290.0,
        330.0,
        350.0,
        350.0,
        220.0,
        330.0,
        380.0,
        320.0,
        240.0,
        390.0,
        330.0,
        410.0,
        980.0,
        280.0
      ],
      "loss": 0.17241701483726501,
      "policy_loss": -0.0014354493468999863,
      "value_loss": 0.3986380994319916,
      "entropy": 2.546659231185913,
      "approx_kl": 0.0017757522873580456,
      "clipfrac": 0.09832763671875
    },
    {
      "update": 100,
      "timesteps": 409600,
      "sps": 1810.7207114842477,
      "episodes": 20,
      "mean_return": 350.0,
      "median_return": 355.0,
      "min_return": 240.0,
      "max_return": 430.0,
      "returns": [
        310.0,
        350.0,
        250.0,
        400.0,
        380.0,
        430.0,
        320.0,
        380.0,
        360.0,
        290.0,
        330.0,
        390.0,
        390.0,
        350.0,
        350.0,
        420.0,
        400.0,
        300.0,
        240.0,
        360.0
      ],
      "loss": 0.162059485912323,
      "policy_loss": -0.0012721960665658116,
      "value_loss": 0.36632227897644043,
      "entropy": 1.9829442501068115,
      "approx_kl": 0.002084751147776842,
      "clipfrac": 0.118896484375
    },
    {
      "update": 150,
      "timesteps": 614400,
      "sps": 1859.6767036938352,
      "episodes": 20,
      "mean_return": 403.5,
      "median_return": 380.0,
      "min_return": 250.0,
      "max_return": 1030.0,
      "returns": [
        340.0,
        310.0,
        350.0,
        350.0,
        290.0,
        320.0,
        390.0,
        340.0,
        430.0,
        400.0,
        370.0,
        410.0,
        360.0,
        460.0,
        430.0,
        250.0,
        390.0,
        400.0,
        450.0,
        1030.0
      ],
      "loss": 0.16527241468429565,
      "policy_loss": -0.0022252199705690145,
      "value_loss": 0.3669874668121338,
      "entropy": 1.5996116399765015,
      "approx_kl": 0.0011604619212448597,
      "clipfrac": 0.05865478515625
    },
    {
      "update": 200,
      "timesteps": 819200,
      "sps": 1826.7548682308686,
      "episodes": 20,
      "mean_return": 396.5,
      "median_return": 405.0,
      "min_return": 260.0,
      "max_return": 540.0,
      "returns": [
        310.0,
        260.0,
        370.0,
        280.0,
        400.0,
        330.0,
        370.0,
        280.0,
        500.0,
        370.0,
        430.0,
        430.0,
        440.0,
        500.0,
        410.0,
        450.0,
        480.0,
        430.0,
        540.0,
        350.0
      ],
      "loss": 0.22386446595191956,
      "policy_loss": -0.0011891939211636782,
      "value_loss": 0.4814606308937073,
      "entropy": 1.567664384841919,
      "approx_kl": 0.0011542032007128,
      "clipfrac": 0.05401611328125
    },
    {
      "update": 250,
      "timesteps": 1024000,
      "sps": 1810.204298838825,
      "episodes": 20,
      "mean_return": 525.5,
      "median_return": 455.0,
      "min_return": 320.0,
      "max_return": 1150.0,
      "returns": [
        440.0,
        370.0,
        420.0,
        320.0,
        470.0,
        430.0,
        510.0,
        440.0,
        450.0,
        420.0,
        610.0,
        480.0,
        380.0,
        590.0,
        400.0,
        1000.0,
        1150.0,
        630.0,
        540.0,
        460.0
      ],
      "loss": 0.20835688710212708,
      "policy_loss": -0.0017814531456679106,
      "value_loss": 0.45095378160476685,
      "entropy": 1.533855676651001,
      "approx_kl": 0.0013250758638605475,
      "clipfrac": 0.07373046875
    },
    {
      "update": 300,
      "timesteps": 1228800,
      "sps": 1823.498510341918,
      "episodes": 20,
      "mean_return": 561.5,
      "median_return": 460.0,
      "min_return": 340.0,
      "max_return": 2070.0,
      "returns": [
        410.0,
        450.0,
        480.0,
        400.0,
        500.0,
        440.0,
        440.0,
        460.0,
        410.0,
        510.0,
        340.0,
        440.0,
        540.0,
        2070.0,
        490.0,
        980.0,
        500.0,
        380.0,
        460.0,
        530.0
      ],
      "loss": 0.24238631129264832,
      "policy_loss": -0.0017656858544796705,
      "value_loss": 0.5179982781410217,
      "entropy": 1.4847146272659302,
      "approx_kl": 0.0014137814287096262,
      "clipfrac": 0.08544921875
    },
    {
      "update": 350,
      "timesteps": 1433600,
      "sps": 1844.973436801014,
      "episodes": 20,
      "mean_return": 523.0,
      "median_return": 500.0,
      "min_return": 370.0,
      "max_return": 1060.0,
      "returns": [
        420.0,
        370.0,
        460.0,
        440.0,
        500.0,
        420.0,
        530.0,
        480.0,
        1060.0,
        500.0,
        530.0,
        510.0,
        460.0,
        440.0,
        580.0,
        500.0,
        540.0,
        560.0,
        500.0,
        660.0
      ],
      "loss": 0.24404284358024597,
      "policy_loss": -0.0007781996391713619,
      "value_loss": 0.5178353786468506,
      "entropy": 1.4096624851226807,
      "approx_kl": 0.0012389379553496838,
      "clipfrac": 0.060302734375
    },
    {
      "update": 400,
      "timesteps": 1638400,
      "sps": 1861.4179946349225,
      "episodes": 20,
      "mean_return": 543.0,
      "median_return": 535.0,
      "min_return": 360.0,
      "max_return": 1200.0,
      "returns": [
        420.0,
        550.0,
        420.0,
        480.0,
        550.0,
        480.0,
        360.0,
        450.0,
        490.0,
        480.0,
        560.0,
        460.0,
        600.0,
        590.0,
        560.0,
        530.0,
        1200.0,
        560.0,
        540.0,
        580.0
      ],
      "loss": 0.20612291991710663,
      "policy_loss": -0.0017341641942039132,
      "value_loss": 0.44511646032333374,
      "entropy": 1.4701156616210938,
      "approx_kl": 0.0009706286946311593,
      "clipfrac": 0.04913330078125
    },
    {
      "update": 450,
      "timesteps": 1843200,
      "sps": 1871.7188289289497,
      "episodes": 20,
      "mean_return": 538.0,
      "median_return": 460.0,
      "min_return": 330.0,
      "max_return": 1160.0,