{
  "games": [
    "Breakout-v5",
    "SpaceInvaders-v5",
    "BeamRider-v5",
    "Asterix-v5",
    "Qbert-v5"
  ],
  "seed_files": [
    "runs/atari_headline_s0/results.json",
    "runs/atari_headline_s1/results.json"
  ],
  "modes": {
    "baseline": {
      "seeds": [
        0,
        1
      ],
      "n_seeds": 2,
      "norm_retention": {
        "mean": 0.3417298228479922,
        "std": 0.15645574836215773,
        "n": 2,
        "values": [
          0.45236074347049,
          0.2310989022254944
        ]
      },
      "norm_worst": {
        "mean": 0.0058139534667134285,
        "std": 0.008222171843632203,
        "n": 2,
        "values": [
          0.011627906933426857,
          0.0
        ]
      },
      "norm_retention_overwritten": {
        "mean": 0.17716227855999023,
        "std": 0.19556968545269715,
        "n": 2,
        "values": [
          0.3154509293381125,
          0.03887362778186798
        ]
      },
      "deployed_floor": {
        "mean": 0.33163909796175967,
        "std": 0.11933856994779733,
        "n": 2,
        "values": [
          0.4160242100289523,
          0.24725398589456704
        ]
      },
      "deployed_floor_worst": {
        "mean": 0.0,
        "std": 0.0,
        "n": 2,
        "values": [
          0.0,
          0.0
        ]
      },
      "current_ret_deploy": {
        "mean": 0.33163909796175967,
        "std": 0.11933856994779733,
        "n": 2,
        "values": [
          0.4160242100289523,
          0.24725398589456704
        ]
      },
      "current_ret_deploy_worst": {
        "mean": 0.0,
        "std": 0.0,
        "n": 2,
        "values": [
          0.0,
          0.0
        ]
      },
      "mean_final_return": {
        "mean": 337.88751220703125,
        "std": 98.90656101846834,
        "n": 2,
        "values": [
          407.82501220703125,
          267.95001220703125
        ]
      },
      "n_learned": {
        "mean": 5.0,
        "std": 0.0,
        "n": 2,
        "values": [
          5.0,
          5.0
        ]
      }
    },
    "pmac": {
      "seeds": [
        0,
        1
      ],
      "n_seeds": 2,
      "norm_retention": {
        "mean": 0.7590873688459396,
        "std": 0.0039993270992533195,
        "n": 2,
        "values": [
          0.7619153201580048,
          0.7562594175338745
        ]
      },
      "norm_worst": {
        "mean": 0.3841722011566162,
        "std": 0.12735643869767233,
        "n": 2,
        "values": [
          0.47422680258750916,
          0.29411759972572327
        ]
      },
      "norm_retention_overwritten": {
        "mean": 0.6988592110574245,
        "std": 0.00499915887406661,
        "n": 2,
        "values": [
          0.702394150197506,
          0.6953242719173431
        ]
      },
      "deployed_floor": {
        "mean": 1.0,
        "std": 0.0,
        "n": 2,
        "values": [
          1.0,
          1.0
        ]
      },
      "deployed_floor_worst": {
        "mean": 1.0,
        "std": 0.0,
        "n": 2,
        "values": [
          1.0,
          1.0
        ]
      },
      "current_ret_deploy": {
        "mean": 0.7825135293605707,
        "std": 0.04397861002708368,
        "n": 2,
        "values": [
          0.7514159559832612,
          0.8136111027378803
        ]
      },
      "current_ret_deploy_worst": {
        "mean": 0.4101813744520679,
        "std": 0.3439760849360363,
        "n": 2,
        "values": [
          0.16695355222779681,
          0.653409196676339
        ]
      },
      "mean_final_return": {
        "mean": 602.2875061035156,
        "std": 196.55803339535427,
        "n": 2,
        "values": [
          463.29998779296875,
          741.2750244140625
        ]
      },
      "n_learned": {
        "mean": 5.0,
        "std": 0.0,
        "n": 2,
        "values": [
          5.0,
          5.0
        ]
      }
    },
    "pmac_champions_only": {
      "seeds": [
        0,
        1
      ],
      "n_seeds": 2,
      "norm_retention": {
        "mean": 0.3516342237591743,
        "std": 0.02527542079779222,
        "n": 2,
        "values": [
          0.3695066452026367,
          0.33376180231571195
        ]
      },
      "norm_worst": {
        "mean": 0.024390242993831635,
        "std": 0.03449301243145206,
        "n": 2,
        "values": [
          0.04878048598766327,
          0.0
        ]
      },
      "norm_retention_overwritten": {
        "mean": 0.18954277969896793,
        "std": 0.03159427599724027,
        "n": 2,
        "values": [
          0.2118833065032959,
          0.16720225289463997
        ]
      },
      "deployed_floor": {
        "mean": 1.0,
        "std": 0.0,
        "n": 2,
        "values": [
          1.0,
          1.0
        ]
      },
      "deployed_floor_worst": {
        "mean": 1.0,
        "std": 0.0,
        "n": 2,
        "values": [
          1.0,
          1.0
        ]
      },
      "current_ret_deploy": {
        "mean": 0.31228110533822584,
        "std": 0.08042096077356917,
        "n": 2,
        "values": [
          0.3691473120507539,
          0.2554148986256977
        ]
      },
      "current_ret_deploy_worst": {
        "mean": 0.029179029026734905,
        "std": 0.04126537858648671,
        "n": 2,
        "values": [
          0.05835805805346981,
          0.0
        ]
      },
      "mean_final_return": {
        "mean": 354.375,
        "std": 10.076271631908302,
        "n": 2,
        "values": [
          361.5,
          347.25
        ]
      },
      "n_learned": {
        "mean": 5.0,
        "std": 0.0,
        "n": 2,
        "values": [
          5.0,
          5.0
        ]
      }
    }
  },
  "per_game": {
    "baseline": {
      "0": {
        "skill_id": "Breakout-v5",
        "norm_ret": [
          0.013888887129724026,
          0.0
        ],
        "learned": [
          9.5,
          22.0
        ],
        "final": [
          0.625,
          2.0
        ],
        "deployed_ret": [
          0.06849314317883363,
          0.0
        ],
        "current_ret": [
          0.06849314317883363,
          0.0
        ],
        "champion": [
          1.0,
          1.6666666269302368
        ],
        "current": [
          1.0,
          1.6666666269302368
        ],
        "deployed": [
          1.0,
          1.6666666269302368
        ],
        "route": [
          "current",
          "current"
        ]
      },
      "1": {
        "skill_id": "SpaceInvaders-v5",
        "norm_ret": [
          0.236286923289299,
          0.0
        ],
        "learned": [
          406.25,
          455.0
        ],
        "final": [
          180.0,
          87.5
        ],
        "deployed_ret": [
          0.0,
          0.07601351163795314
        ],
        "current_ret": [
          0.0,
          0.07601351163795314
        ],
        "champion": [
          180.0,
          227.0833282470703
        ],
        "current": [
          180.0,
          227.0833282470703
        ],
        "deployed": [
          180.0,
          227.0833282470703
        ],
        "route": [
          "current",
          "current"
        ]
      },
      "2": {
        "skill_id": "BeamRider-v5",
        "norm_ret": [
          1.381818175315857,
          0.07857143133878708
        ],
        "learned": [
          528.0,
          852.0
        ],
        "final": [
          696.0,
          594.0
        ],
        "deployed_ret": [
          1.0,
          0.0
        ],
        "current_ret": [
          1.0,
          0.0
        ],
        "champion": [
          704.0,
          546.3333129882812
        ],
        "current": [
          704.0,
          546.3333129882812
        ],
        "deployed": [
          704.0,
          546.3333129882812
        ],
        "route": [
          "current",
          "current"
        ]
      },
      "3": {
        "skill_id": "Asterix-v5",