{
  "game": "Breakout-MinAtar",
  "seed": 0,
  "timesteps": 2998272,
  "config": {
    "total_timesteps": 3000000,
    "num_envs": 64,
    "num_steps": 128,
    "update_epochs": 4,
    "num_minibatches": 8,
    "gamma": 0.99,
    "gae_lambda": 0.95,
    "clip_eps": 0.2,
    "ent_coef": 0.01,
    "vf_coef": 0.5,
    "max_grad_norm": 0.5,
    "lr": 0.00025,
    "anneal_lr": true
  },
  "returns_curve": [
    0.3503030240535736,
    0.35500043630599976,
    0.38061150908470154,
    0.42367908358573914,
    0.4926401376724243,
    0.5908292531967163,
    0.7031327486038208,
    0.8308060765266418,
    0.9634188413619995,
    1.1126022338867188,
    1.2631444931030273,
    1.444811224937439,
    1.6187766790390015,
    1.770969271659851,
    1.942785382270813,
    2.110538959503174,
    2.268803119659424,
    2.426225185394287,
    2.5765020847320557,
    2.72251033782959,
    2.868323802947998,
    3.0269460678100586,
    3.181100606918335,
    3.326748847961426,
    3.4393441677093506,
    3.579437494277954,
    3.7031731605529785,
    3.8512380123138428,
    3.9632363319396973,
    4.055401802062988,
    4.171736717224121,
    4.291864395141602,
    4.385754585266113,
    4.485390663146973,
    4.604619979858398,
    4.721080780029297,
    4.835179328918457,
    4.932808876037598,
    5.020059108734131,
    5.117176055908203,
    5.205458164215088,
    5.2840423583984375,
    5.378939151763916,
    5.448607921600342,
    5.516136646270752,
    5.572779655456543,
    5.643941879272461,
    5.706503868103027,
    5.767045974731445,
    5.8198652267456055,
    5.874242305755615,
    5.929937362670898,
    5.958044528961182,
    5.997425079345703,
    6.025361061096191,
    6.0651326179504395,
    6.091662406921387,
    6.117358207702637,
    6.132288932800293,
    6.147888660430908,
    6.1687517166137695,
    6.187590599060059,
    6.212309837341309,
    6.232663154602051,
    6.242123603820801,
    6.2568488121032715,
    6.25548791885376,
    6.251298427581787,
    6.2580647468566895,
    6.254040241241455,
    6.277773857116699,
    6.279804229736328,
    6.292531490325928,
    6.309504508972168,
    6.316053867340088,
    6.3373894691467285,
    6.358367443084717,
    6.372997760772705,
    6.39188814163208,
    6.417461395263672,
    6.433407306671143,
    6.459225177764893,
    6.479969024658203,
    6.490462779998779,
    6.519634246826172,
    6.504943370819092,
    6.536554336547852,
    6.553653717041016,
    6.5659074783325195,
    6.582846164703369,
    6.605369567871094,
    6.616261005401611,
    6.629144668579102,
    6.6522297859191895,
    6.657198905944824,
    6.68137788772583,
    6.685084342956543,
    6.700950622558594,
    6.709036827087402,
    6.7107648849487305,
    6.727307319641113,
    6.738890171051025,
    6.725397109985352,
    6.749047756195068,
    6.755960941314697,
    6.76173734664917,
    6.775462627410889,
    6.78791618347168,
    6.798013210296631,
    6.813211917877197,
    6.810678482055664,
    6.8226799964904785,
    6.833341121673584,
    6.8360066413879395,
    6.842790603637695,
    6.856449127197266,
    6.852804183959961,
    6.861698150634766,
    6.871361255645752,
    6.882205009460449,
    6.871435642242432,
    6.875380992889404,
    6.877638816833496,
    6.880440711975098,
    6.88502836227417,
    6.892603874206543,
    6.897282600402832,
    6.906523704528809,
    6.896453857421875,
    6.902767658233643,
    6.904327392578125,
    6.899043083190918,
    6.903138160705566,
    6.910783767700195,
    6.91673469543457,
    6.9240193367004395,
    6.924686908721924,
    6.93021821975708,
    6.921662330627441,
    6.925372123718262,
    6.930793762207031,
    6.9260640144348145,
    6.927335262298584,
    6.916154861450195,
    6.921446323394775,
    6.924399375915527,
    6.918557167053223,
    6.922701358795166,
    6.926349639892578,
    6.9195637702941895,
    6.924482345581055,
    6.930013656616211,
    6.931012153625488,
    6.932910919189453,
    6.936589241027832,
    6.933838844299316,
    6.933383941650391,
    6.93802547454834,
    6.940141201019287,
    6.939126968383789,
    6.942243576049805,
    6.946966648101807,
    6.952269554138184,
    6.950726509094238,
    6.951844215393066,
    6.942226409912109,
    6.945003509521484,
    6.947503089904785,
    6.947702407836914,
    6.946871280670166,
    6.944967269897461,
    6.944587707519531,
    6.945827484130859,
    6.948492050170898,
    6.947120666503906,
    6.951437473297119,
    6.945984363555908,
    6.949405670166016,
    6.95143461227417,
    6.955300807952881,
    6.950586795806885,
    6.954497337341309,
    6.9571428298950195,
    6.955934047698975,
    6.955486297607422,
    6.949836254119873,
    6.954852104187012,
    6.958335876464844,
    6.946156024932861,
    6.950476169586182,
    6.952428340911865,
    6.956121444702148,
    6.9575676918029785,
    6.958953857421875,
    6.961982727050781,
    6.962784290313721,
    6.964444160461426,
    6.9603071212768555,
    6.958090305328369,
    6.954514026641846,
    6.958052158355713,
    6.959153652191162,
    6.958238124847412,
    6.959352493286133,
    6.963417053222656,
    6.9600043296813965,
    6.961920261383057,
    6.964717864990234,
    6.968245506286621,
    6.967297077178955,
    6.960951805114746,
    6.955382823944092,
    6.95984411239624,
    6.963859558105469,
    6.957571983337402,
    6.95875358581543,
    6.9628777503967285,
    6.966589450836182,
    6.968877792358398,
    6.969132900238037,
    6.971167087554932,
    6.974050521850586,
    6.976645469665527,
    6.977000713348389,
    6.9762701988220215,
    6.976581573486328,
    6.9789228439331055,
    6.975875377655029,
    6.973133087158203,
    6.974799156188965,
    6.970522880554199,
    6.973470687866211,
    6.97321081161499,
    6.975889205932617,
    6.972744941711426,
    6.9711222648620605,
    6.973048210144043,
    6.971532344818115,
    6.97437858581543,
    6.974789619445801,
    6.966733455657959,
    6.970059871673584,
    6.963345050811768,
    6.967010021209717,
    6.968203544616699,
    6.971383094787598,
    6.973203182220459,
    6.973996162414551,
    6.976596355438232,
    6.9692277908325195,
    6.970154285430908,
    6.973138332366943,
    6.974771976470947,
    6.970563888549805,
    6.9704766273498535,
    6.972397804260254,
    6.975157737731934,
    6.977641582489014,
    6.978942394256592,
    6.979948997497559,
    6.971376895904541,
    6.971114158630371,
    6.9720025062561035,
    6.974802017211914,
    6.977321624755859,
    6.9766764640808105,
    6.979008674621582,
    6.981107234954834,
    6.975303649902344,
    6.9777727127075195,
    6.978919982910156,
    6.979047775268555,
    6.980112075805664,
    6.981080055236816,
    6.980991840362549,
    6.98078727722168,
    6.982707977294922,
    6.9729790687561035,
    6.975681304931641,
    6.975019931793213,
    6.977517604827881,
    6.977637767791748,
    6.978902816772461,
    6.974762439727783,
    6.971571922302246,
    6.974414348602295,
    6.975992202758789,
    6.973342418670654,
    6.974966526031494,
    6.975489616394043,
    6.976898670196533,
    6.979208469390869,
    6.981287479400635,
    6.983158588409424,
    6.982691764831543,
    6.982461452484131,
    6.984214782714844,
    6.985793113708496,
    6.987213611602783,
    6.984645843505859,
    6.9810791015625,
    6.982970714569092,
    6.981703281402588,
    6.983532428741455,
    6.981369495391846,
    6.976565361022949,
    6.978908538818359,
    6.981017112731934,
    6.98196268081665,
    6.983766078948975,
    6.985389232635498,
    6.981899261474609,
    6.98370885848999,
    6.985337734222412,
    6.98055362701416,
    6.981536388397217,
    6.983382225036621,
    6.984063148498535,
    6.984592437744141,
    6.984190940856934,
    6.9826788902282715,
    6.984410762786865,
    6.984949111938477,
    6.986454010009766,
    6.9878082275390625,
    6.98902702331543,
    6.988182067871094,
    6.989363670349121,
