{
  "config": {
    "games": [
      "Breakout-v5",
      "Pong-v5",
      "SpaceInvaders-v5",
      "Seaquest-v5",
      "BeamRider-v5"
    ],
    "steps_per_game": 1500000,
    "num_envs": 32,
    "num_steps": 128,
    "seed": 1,
    "eval_episodes": 20,
    "eval_every_updates": 25,
    "gamma": 0.99,
    "gae_lambda": 0.95,
    "num_minibatches": 4,
    "update_epochs": 4,
    "clip_coef": 0.1,
    "ent_coef": 0.01,
    "vf_coef": 0.5,
    "max_grad_norm": 0.5,
    "lr": 0.00025,
    "mem_rank": 128,
    "out_dir": "castm_runs/newset/plastic_inf_seed1_r128",
    "fire_reset": true,
    "resolve": true,
    "inferred_eval": true,
    "anchor_frames": 2048,
    "proto_per_ctx": 8
  },
  "method": "fully_plastic_memory_resolve",
  "random_scores": {
    "Breakout-v5": 1.100000023841858,
    "Pong-v5": -20.299999237060547,
    "SpaceInvaders-v5": 110.75,
    "Seaquest-v5": 58.0,
    "BeamRider-v5": 481.79998779296875
  },
  "best_after_learn": {
    "Breakout-v5": 16.799999237060547,
    "Pong-v5": -13.350000381469727,
    "SpaceInvaders-v5": 308.0,
    "Seaquest-v5": 806.0,
    "BeamRider-v5": 1008.5999755859375
  },
  "retention_matrix": [
    {
      "after_game": "Breakout-v5",
      "after_index": 0,
      "scores": {
        "Breakout-v5": {
          "mean": 16.0,
          "std": 5.205766201019287,
          "n": 20,
          "valid": true,
          "returns": [
            12.0,
            10.0,
            11.0,
            11.0,
            11.0,
            12.0,
            12.0,
            12.0,
            12.0,
            15.0,
            15.0,
            17.0,
            16.0,
            16.0,
            17.0,
            25.0,
            23.0,
            25.0,
            22.0,
            26.0
          ]
        }
      }
    },
    {
      "after_game": "Pong-v5",
      "after_index": 1,
      "scores": {
        "Breakout-v5": {
          "mean": 16.049999237060547,
          "std": 5.210326194763184,
          "n": 20,
          "valid": true,
          "returns": [
            12.0,
            10.0,
            11.0,
            11.0,
            11.0,
            12.0,
            12.0,
            12.0,
            12.0,
            15.0,
            15.0,
            17.0,
            17.0,
            16.0,
            17.0,
            25.0,
            23.0,
            25.0,
            22.0,
            26.0
          ]
        },
        "Pong-v5": {
          "mean": -15.100000381469727,
          "std": 4.794788837432861,
          "n": 20,
          "valid": true,
          "returns": [
            -20.0,
            -21.0,
            -20.0,
            -19.0,
            -19.0,
            -17.0,
            -17.0,
            -18.0,
            -19.0,
            -17.0,
            -18.0,
            -18.0,
            -17.0,
            -11.0,
            -9.0,
            -8.0,
            -11.0,
            -6.0,
            -9.0,
            -8.0
          ]
        }
      }
    },
    {
      "after_game": "SpaceInvaders-v5",
      "after_index": 2,
      "scores": {
        "Breakout-v5": {
          "mean": 16.100000381469727,
          "std": 5.271622180938721,
          "n": 20,
          "valid": true,
          "returns": [
            12.0,
            10.0,
            11.0,
            11.0,
            11.0,
            12.0,
            12.0,
            12.0,
            12.0,
            15.0,
            15.0,
            17.0,
            17.0,
            16.0,
            17.0,
            25.0,
            23.0,
            25.0,
            23.0,
            26.0
          ]
        },
        "Pong-v5": {
          "mean": -15.800000190734863,
          "std": 4.589117527008057,
          "n": 20,
          "valid": true,
          "returns": [
            -21.0,
            -21.0,
            -19.0,
            -20.0,
            -20.0,
            -19.0,
            -19.0,
            -18.0,
            -18.0,
            -19.0,
            -18.0,
            -17.0,
            -15.0,
            -12.0,
            -12.0,
            -14.0,
            -12.0,
            -10.0,
            -7.0,
            -5.0
          ]
        },
        "SpaceInvaders-v5": {
          "mean": 306.25,
          "std": 96.49967956542969,
          "n": 20,
          "valid": true,
          "returns": [
            240.0,
            300.0,
            220.0,
            210.0,
            285.0,
            210.0,
            255.0,
            275.0,
            405.0,
            460.0,
            325.0,
            325.0,
            355.0,
            315.0,
            270.0,
            320.0,
            590.0,
            260.0,
            365.0,
            140.0
          ]
        }
      }
    },
    {
      "after_game": "Seaquest-v5",
      "after_index": 3,
      "scores": {
        "Breakout-v5": {
          "mean": 15.850000381469727,
          "std": 5.198798179626465,
          "n": 20,
          "valid": true,
          "returns": [
            12.0,
            10.0,
            11.0,
            11.0,
            11.0,
            12.0,
            12.0,
            12.0,
            12.0,
            15.0,
            17.0,
            13.0,
            17.0,
            18.0,
            17.0,
            25.0,
            17.0,
            23.0,
            25.0,
            27.0
          ]
        },
        "Pong-v5": {
          "mean": -15.649999618530273,
          "std": 4.245880603790283,
          "n": 20,
          "valid": true,
          "returns": [
            -21.0,
            -21.0,
            -20.0,
            -19.0,
            -19.0,
            -18.0,
            -17.0,
            -17.0,
            -19.0,
            -18.0,
            -17.0,
            -17.0,
            -15.0,
            -15.0,
            -10.0,
            -11.0,
            -15.0,
            -9.0,
            -8.0,
            -7.0
          ]
        },
        "SpaceInvaders-v5": {
          "mean": 302.75,
          "std": 90.04824829101562,
          "n": 20,
          "valid": true,
          "returns": [
            180.0,
            220.0,
            275.0,
            210.0,
            260.0,
            285.0,
            210.0,
            260.0,
            440.0,
            320.0,
            405.0,
            380.0,
            355.0,
            315.0,
            395.0,
            270.0,
            515.0,
            295.0,
            320.0,
            145.0
          ]
        },
        "Seaquest-v5": {
          "mean": 806.0,
          "std": 53.329166412353516,
          "n": 20,
          "valid": true,
          "returns": [
            660.0,
            660.0,
            800.0,
            800.0,
            820.0,
            820.0,
            800.0,
            780.0,
            860.0,
            820.0,
            860.0,
            840.0,
            860.0,
            800.0,
            800.0,
            820.0,
            820.0,
            840.0,
            820.0,
            840.0
          ]
        }
      }
    },
    {
      "after_game": "BeamRider-v5",
      "after_index": 4,
      "scores": {
        "Breakout-v5": {
          "mean": 14.850000381469727,
          "std": 4.065402984619141,
          "n": 20,
          "valid": true,
          "returns": [
            12.0,
            10.0,
            13.0,
            11.0,
            11.0,
            12.0,
            12.0,
            12.0,
            13.0,
            15.0,
            17.0,
            17.0,
            13.0,
            13.0,
            16.0,
            18.0,
            15.0,
            17.0,
            25.0,
            25.0
          ]
        },
        "Pong-v5": {
          "mean": -15.25,
          "std": 5.194949626922607,
          "n": 20,
          "valid": true,