{"return_matrix": [[187.9166717529297, NaN, NaN, NaN, NaN], [144.5833282470703, 2.2083332538604736, NaN, NaN, NaN], [155.4166717529297, 2.0416667461395264, 478.0, NaN, NaN], [126.66666412353516, 2.0416667461395264, 517.3333129882812, 187.5, NaN], [145.625, 1.9583333730697632, 440.6666564941406, 218.75, 218.75]], "best_scores": {"SpaceInvaders-v5": 187.9166717529297, "Breakout-v5": 2.2083332538604736, "BeamRider-v5": 478.0, "Asterix-v5": 187.5, "Qbert-v5": 218.75}, "random_scores": {"SpaceInvaders-v5": 136.4583282470703, "Breakout-v5": 1.4166666269302368, "BeamRider-v5": 398.1666564941406, "Asterix-v5": 218.75, "Qbert-v5": 185.4166717529297}, "final_scores": {"SpaceInvaders-v5": 145.625, "Breakout-v5": 1.9583333730697632, "BeamRider-v5": 440.6666564941406, "Asterix-v5": 218.75, "Qbert-v5": 218.75}, "retention": {"SpaceInvaders-v5": 0.17813771198733205, "Breakout-v5": 0.684209796780359, "BeamRider-v5": 0.5323590069169746, "Asterix-v5": 0.0, "Qbert-v5": 1.0}, "mean_retention": 0.47894129157066345, "worst_retention": 0.0, "ablation": "full", "games": ["SpaceInvaders-v5", "Breakout-v5", "BeamRider-v5", "Asterix-v5", "Qbert-v5"], "visual_sentinels": 320, "gate_rejections": 4, "gate_decisions": [{"game": "Breakout-v5", "game_id": 1, "block": 0, "accept": false, "regressed_games": ["SpaceInvaders-v5"], "reasons": ["protected_regression"], "violation_rate": 0.0, "retrieval_alignment": Infinity}, {"game": "BeamRider-v5", "game_id": 2, "block": 0, "accept": false, "regressed_games": ["SpaceInvaders-v5", "Breakout-v5"], "reasons": ["protected_regression", "retrieval_alignment", "new_game_progress"], "violation_rate": 0.0, "retrieval_alignment": -0.12881997227668762}, {"game": "Asterix-v5", "game_id": 3, "block": 0, "accept": false, "regressed_games": ["SpaceInvaders-v5", "Breakout-v5", "BeamRider-v5"], "reasons": ["protected_regression", "retrieval_alignment"], "violation_rate": 0.0, "retrieval_alignment": -0.26896148920059204}, {"game": "Qbert-v5", "game_id": 4, "block": 0, "accept": false, "regressed_games": ["Breakout-v5", "BeamRider-v5", "Asterix-v5"], "reasons": ["protected_regression", "retrieval_alignment"], "violation_rate": 0.0, "retrieval_alignment": -0.3092750906944275}], "review_counts": {"SpaceInvaders-v5": 3, "Breakout-v5": 1}, "risk_scores": {"SpaceInvaders-v5": 3.8218622685794736, "Breakout-v5": 3.3157889400632783, "BeamRider-v5": 2.467640980556931, "Asterix-v5": 1.0, "Qbert-v5": 0.0}, "review_boosts": {"SpaceInvaders-v5": 3.0, "Breakout-v5": 3.0, "BeamRider-v5": 2.0, "Asterix-v5": 1.0}, "failure_memory_writes": 9, "block_steps": [800000], "review_steps": [120000], "lambda_review": 0.5, "active_mask": [0.0, 0.0, 0.0, 0.0], "active_adapters": 0, "adapter_growth_events": [], "low_plastic_streak": 0, "consolidation_decisions": [{"game": "Breakout-v5", "game_id": 1, "accepted": false, "pre_score": 152.7083282470703, "post_score": 130.2083282470703, "slow_lr": 2.5e-05, "steps": 64, "adapter_distill_active": false, "reason": "sentinel_regression"}, {"game": "BeamRider-v5", "game_id": 2, "accepted": true, "pre_score": 72.125, "post_score": 78.89583587646484, "slow_lr": 2.5e-05, "steps": 64, "adapter_distill_active": false, "reason": "accepted"}, {"game": "Asterix-v5", "game_id": 3, "accepted": false, "pre_score": 228.7916717529297, "post_score": 206.9027862548828, "slow_lr": 2.5e-05, "steps": 64, "adapter_distill_active": false, "reason": "sentinel_regression"}, {"game": "Qbert-v5", "game_id": 4, "accepted": true, "pre_score": 213.7916717529297, "post_score": 217.6458282470703, "slow_lr": 2.5e-05, "steps": 64, "adapter_distill_active": false, "reason": "accepted"}], "consolidation_accepts": 2, "consolidation_rejections": 2, "status": "done", "n_games_done": 5}