{"return_matrix": [[133.3333282470703, NaN, NaN, NaN, NaN], [132.9166717529297, 1.8333333730697632, NaN, NaN, NaN], [89.58333587646484, 2.1666667461395264, 498.0, NaN, NaN], [144.5833282470703, 1.8333333730697632, 463.8333435058594, 193.75, NaN], [151.875, 2.0416667461395264, 492.8333435058594, 254.1666717529297, 213.5416717529297]], "best_scores": {"SpaceInvaders-v5": 133.3333282470703, "Breakout-v5": 1.8333333730697632, "BeamRider-v5": 498.0, "Asterix-v5": 193.75, "Qbert-v5": 213.5416717529297}, "random_scores": {"SpaceInvaders-v5": 136.4583282470703, "Breakout-v5": 1.4166666269302368, "BeamRider-v5": 398.1666564941406, "Asterix-v5": 218.75, "Qbert-v5": 185.4166717529297}, "final_scores": {"SpaceInvaders-v5": 151.875, "Breakout-v5": 2.0416667461395264, "BeamRider-v5": 492.8333435058594, "Asterix-v5": 254.1666717529297, "Qbert-v5": 213.5416717529297}, "retention": {"SpaceInvaders-v5": 0.0, "Breakout-v5": 1.0, "BeamRider-v5": 0.9482471761342486, "Asterix-v5": 0.0, "Qbert-v5": 1.0}, "mean_retention": 0.5896494388580322, "worst_retention": 0.0, "ablation": "no_memory_read", "games": ["SpaceInvaders-v5", "Breakout-v5", "BeamRider-v5", "Asterix-v5", "Qbert-v5"], "visual_sentinels": 320, "gate_rejections": 4, "gate_decisions": [{"game": "Breakout-v5", "game_id": 1, "block": 0, "accept": false, "regressed_games": ["SpaceInvaders-v5"], "reasons": ["protected_regression"], "violation_rate": 0.0, "retrieval_alignment": Infinity}, {"game": "BeamRider-v5", "game_id": 2, "block": 0, "accept": false, "regressed_games": ["SpaceInvaders-v5"], "reasons": ["protected_regression", "retrieval_alignment"], "violation_rate": 0.0, "retrieval_alignment": -0.12572988867759705}, {"game": "Asterix-v5", "game_id": 3, "block": 0, "accept": false, "regressed_games": ["SpaceInvaders-v5", "BeamRider-v5"], "reasons": ["protected_regression", "retrieval_alignment"], "violation_rate": 0.0, "retrieval_alignment": -0.2546822428703308}, {"game": "Qbert-v5", "game_id": 4, "block": 0, "accept": false, "regressed_games": ["SpaceInvaders-v5", "BeamRider-v5", "Asterix-v5"], "reasons": ["protected_regression", "retrieval_alignment"], "violation_rate": 0.0, "retrieval_alignment": -0.29846933484077454}], "review_counts": {"SpaceInvaders-v5": 4}, "risk_scores": {"SpaceInvaders-v5": 4.0, "Breakout-v5": 0.0, "BeamRider-v5": 2.051752813849058, "Asterix-v5": 1.0, "Qbert-v5": 0.0}, "review_boosts": {"SpaceInvaders-v5": 4.0, "BeamRider-v5": 2.0, "Asterix-v5": 1.0}, "failure_memory_writes": 7, "block_steps": [800000], "review_steps": [120000], "lambda_review": 0.5, "active_mask": [0.0, 0.0, 0.0, 0.0], "active_adapters": 0, "adapter_growth_events": [], "low_plastic_streak": 0, "consolidation_decisions": [{"game": "Breakout-v5", "game_id": 1, "accepted": false, "pre_score": 127.08333587646484, "post_score": 126.04166412353516, "slow_lr": 2.5e-05, "steps": 64, "adapter_distill_active": false, "reason": "sentinel_regression"}, {"game": "BeamRider-v5", "game_id": 2, "accepted": false, "pre_score": 77.35416412353516, "post_score": 69.60417175292969, "slow_lr": 2.5e-05, "steps": 64, "adapter_distill_active": false, "reason": "sentinel_regression"}, {"game": "Asterix-v5", "game_id": 3, "accepted": true, "pre_score": 194.9583282470703, "post_score": 202.2777862548828, "slow_lr": 2.5e-05, "steps": 64, "adapter_distill_active": false, "reason": "accepted"}, {"game": "Qbert-v5", "game_id": 4, "accepted": false, "pre_score": 210.88540649414062, "post_score": 200.90625, "slow_lr": 2.5e-05, "steps": 64, "adapter_distill_active": false, "reason": "sentinel_regression"}], "consolidation_accepts": 1, "consolidation_rejections": 3, "status": "done", "n_games_done": 5}