{"return_matrix": [[144.1666717529297, NaN, NaN, NaN, NaN], [133.5416717529297, 1.6666666269302368, NaN, NaN, NaN], [170.4166717529297, 1.9583333730697632, 631.6666870117188, NaN, NaN], [159.5833282470703, 1.3333333730697632, 440.8333435058594, 218.75, NaN], [178.5416717529297, 1.875, 414.6666564941406, 220.8333282470703, 259.375]], "best_scores": {"SpaceInvaders-v5": 144.1666717529297, "Breakout-v5": 1.6666666269302368, "BeamRider-v5": 631.6666870117188, "Asterix-v5": 218.75, "Qbert-v5": 259.375}, "random_scores": {"SpaceInvaders-v5": 136.4583282470703, "Breakout-v5": 1.4166666269302368, "BeamRider-v5": 398.1666564941406, "Asterix-v5": 218.75, "Qbert-v5": 185.4166717529297}, "final_scores": {"SpaceInvaders-v5": 178.5416717529297, "Breakout-v5": 1.875, "BeamRider-v5": 414.6666564941406, "Asterix-v5": 220.8333282470703, "Qbert-v5": 259.375}, "retention": {"SpaceInvaders-v5": 1.0, "Breakout-v5": 1.0, "BeamRider-v5": 0.0706638020250454, "Asterix-v5": 0.0, "Qbert-v5": 1.0}, "mean_retention": 0.6141327619552612, "worst_retention": 0.0, "ablation": "plain_ppo", "games": ["SpaceInvaders-v5", "Breakout-v5", "BeamRider-v5", "Asterix-v5", "Qbert-v5"], "visual_sentinels": 320, "gate_rejections": 0, "gate_decisions": [], "review_counts": {}, "risk_scores": {"SpaceInvaders-v5": 0.0, "Breakout-v5": 0.0, "BeamRider-v5": 0.9293361936922999, "Asterix-v5": 0.0, "Qbert-v5": 0.0}, "review_boosts": {}, "failure_memory_writes": 0, "block_steps": [800000], "review_steps": [120000], "lambda_review": 0.5, "active_mask": [0.0, 0.0, 0.0, 0.0], "active_adapters": 0, "adapter_growth_events": [], "low_plastic_streak": 0, "consolidation_decisions": [], "consolidation_accepts": 0, "consolidation_rejections": 0, "status": "done", "n_games_done": 5}